Name_of_the_book,Rating,Price,Availabilty
The_Torch_Is_Passed_mily_Story,One stars,£19.09,In stock
The_Mindfulness_and_nt_Therapy,Four stars,£23.89,In stock
The_Art_ForgerArt_Forger,Three stars,£40.76,In stock
On_a_Midnight_Clearight_Clear,Three stars,£14.07,In stock
Judo__Seven_Steps_toBeginners_,Two stars,£53.90,In stock
Shobu_Samurai__Projeryoku___3_,Three stars,£29.06,In stock
Modern_Romancern_Romance,Five stars,£28.26,In stock
The_White_Queen__Thes__War__1_,Five stars,£25.91,In stock
The_Song_of_Achillesf_Achilles,Five stars,£37.40,In stock
The_Immortal_Life_ofetta_Lacks,Two stars,£40.67,In stock
The_Dovekeepersovekeepers,One stars,£48.78,In stock
More_Than_Music__Cha_Dream__1_,Two stars,£37.61,In stock
Code_Name_Verity__CoVerity__1_,Four stars,£22.13,In stock
CellCell,Four stars,£20.29,In stock
Angels_Walking__Angealking__1_,Two stars,£34.20,In stock
A_Series_of_Catastroand_Cancer,Two stars,£56.48,In stock
A_People_s_History_oted_States,Two stars,£40.79,In stock
A_Brush_of_Wings__Analking__3_,One stars,£55.51,In stock
RookRook,Four stars,£37.86,In stock
The_Midnight_Watch__alifornian,One stars,£26.20,In stock
The_Gray_Rhino__How__We_Ignore,Four stars,£59.15,In stock
The_Childrene_Children,Three stars,£11.88,In stock
One_with_You__Crossfssfire__5_,Four stars,£15.71,In stock
Without_Shamehout_Shame,Five stars,£48.27,In stock
WatchmenWatchmen,Four stars,£58.05,In stock
A_Hero_s_Curse__The_nicles__1_,Three stars,£50.49,In stock
23_Degrees_South__A_Whether___,Two stars,£35.79,In stock
The_Glass_Castleass_Castle,One stars,£16.24,In stock
The_Drowning_Girlsning_Girls,Three stars,£35.67,In stock
Team_of_Rivals__The_am_Lincoln,Five stars,£20.12,In stock
John_AdamsJohn_Adams,Four stars,£57.43,In stock
Good_in_Bed__Cannie_hapiro__1_,Five stars,£37.05,In stock
The_Joy_of_Cookingof_Cooking,Four stars,£43.27,In stock
The_Golden_Compass__erials__1_,One stars,£18.77,In stock
The_God_Delusiond_Delusion,Three stars,£46.85,In stock
Pride_and_Prejudice_Prejudice,Four stars,£19.27,In stock
Mere_Christianityristianity,Three stars,£48.51,In stock
Fun_Home__A_Family_TTragicomic,Four stars,£56.59,In stock
The_Raven_King__The__Cycle__4_,Two stars,£30.57,In stock
Find_Her__Detective_Warren__8_,One stars,£22.37,In stock
Evicted__Poverty_andrican_City,One stars,£42.27,In stock
A_Game_of_Thrones__Ad_Fire__1_,Two stars,£46.42,In stock
A_Clash_of_Kings__A_d_Fire__2_,Three stars,£10.79,In stock
The_Tipping_Point__HDifference,Two stars,£10.02,In stock
The_Rest_Is_Noise__Lth_Century,One stars,£34.77,In stock
The_Purpose_Driven_L_Here_for_,Three stars,£37.19,In stock
The_Hitchhiker_s_GuiGalaxy__1_,Three stars,£47.80,In stock
The_Girl_Who_Kicked_rilogy__3_,One stars,£57.48,In stock
The_End_of_Faith__Re_of_Reason,Four stars,£22.13,In stock
The_Complete_Poemslete_Poems,Five stars,£41.32,In stock
The_Catcher_in_the_Rin_the_Rye,One stars,£24.55,In stock
The_Case_for_Christ_istianity_,One stars,£47.84,In stock
The_Blind_Side__Evol_of_a_Game,Five stars,£53.71,In stock
Seven_Days_in_the_Ar_Art_World,Two stars,£52.33,In stock
Sarah_s_Keyarah_s_Key,One stars,£46.29,In stock
Rogue_Lawyer__Rogue_Lawyer__1_,Three stars,£50.11,In stock
Manuscript_Found_in_d_in_Accra,Two stars,£34.98,In stock
Fire_Bound__Sea_Have_Heart__5_,Four stars,£21.28,In stock
CosmosCosmos,Two stars,£36.17,In stock
_GIRLBOSS_GIRLBOSS,One stars,£50.96,In stock
The_Sense_of_an_Endi_an_Ending,Three stars,£31.38,In stock
The_Republice_Republic,Three stars,£33.78,In stock
The_Odysseyhe_Odyssey,Three stars,£29.64,In stock
The_Light_of_the_Fir_Fireflies,One stars,£54.43,In stock
The_IliadThe_Iliad,One stars,£16.16,In stock
The_Communist_Manife_Manifesto,Three stars,£14.76,In stock
Lord_of_the_Flies_the_Flies,Three stars,£24.89,In stock
