Name_of_the_book,Rating,Price,Availabilty
Wall_and_Piece_and_Piece,Four stars,£44.18,In stock
Feathers__Displays_ont_Plumage,Three stars,£49.05,In stock
Art_and_Fear__Observ_Artmaking,Four stars,£48.63,In stock
The_New_Drawing_on_t_the_Brain,Three stars,£43.02,In stock
History_of_Beauty_of_Beauty,Four stars,£10.29,In stock
The_Story_of_Artory_of_Art,Four stars,£41.14,In stock
The_Art_Booke_Art_Book,Two stars,£32.34,In stock
Ways_of_Seeing_of_Seeing,Five stars,£39.51,In stock
