Name_of_the_book,Rating,Price,Availabilty
The_Argonauts_Argonauts,Two stars,£10.93,In stock
M_TrainM_Train,One stars,£27.18,In stock
Lab_GirlLab_Girl,One stars,£40.85,In stock
Approval_Junkie__Advg_Too_Much,Five stars,£58.81,In stock
Running_with_Scissorh_Scissors,Four stars,£12.91,In stock
Me_Talk_Pretty_One_Dty_One_Day,Two stars,£57.60,In stock
Lust___Wondert___Wonder,Two stars,£11.87,In stock
Life_Without_a_Recipt_a_Recipe,Five stars,£59.04,In stock
A_Heartbreaking_Working_Genius,Five stars,£54.29,In stock
