Name_of_the_book,Rating,Price,Availabilty
Birdsong__A_Story_inn_Pictures,Three stars,£54.64,In stock
The_Bear_and_the_Pia_the_Piano,One stars,£36.89,In stock
The_Secret_of_Dreadwllow_Carse,One stars,£56.13,In stock
The_White_Cat_and_thur_BÃ_nâ__,Four stars,£58.08,In stock
Little_RedLittle_Red,Three stars,£13.47,In stock
Walt_Disney_s_Alice_Wonderland,Five stars,£12.96,In stock
Twenty_Yawnsenty_Yawns,Two stars,£22.08,In stock
Rain_FishRain_Fish,Three stars,£23.57,In stock
Once_Was_a_TimeWas_a_Time,Two stars,£18.28,In stock
Luis_Paints_the_Worl_the_World,Three stars,£53.95,In stock
Nap_a_RooNap_a_Roo,One stars,£25.08,In stock
The_WhaleThe_Whale,Four stars,£35.96,In stock
Shrunken_Treasures___and_Silly,Three stars,£52.87,In stock
Raymie_Nightingaleightingale,Two stars,£34.41,In stock
Playing_from_the_Hea_the_Heart,One stars,£32.38,In stock
Maybe_Something_Beauighborhood,One stars,£22.54,In stock
The_Wild_RobotWild_Robot,Three stars,£56.07,In stock
The_Thing_About_Jell_Jellyfish,One stars,£48.77,In stock
The_Lonely_Onesonely_Ones,Five stars,£43.59,In stock
The_Day_the_Crayons___Crayons_,Five stars,£26.33,In stock
The_Cat_in_the_Hat__Books_B_1_,Two stars,£16.26,In stock
Red__The_True_Story_iding_Hood,Three stars,£28.54,In stock
Horrible_Bear_ible_Bear_,Two stars,£37.52,In stock
Green_Eggs_and_Ham__ooks_B_16_,Four stars,£10.79,In stock
Counting_Thymeting_Thyme,One stars,£10.62,In stock
Are_We_There_Yet_There_Yet_,Three stars,£10.66,In stock
Diary_of_a_Minecraftraft_Book_,Four stars,£52.88,In stock
MatildaMatilda,One stars,£28.34,In stock
Charlie_and_the_ChocBucket__1_,Three stars,£22.85,In stock
