Name_of_the_book,Rating,Price,Availabilty
The_Secret_Gardenret_Garden,Four stars,£15.08,In stock
The_Metamorphosisamorphosis,One stars,£28.58,In stock
The_Pilgrim_s_Progres_Progress,Two stars,£50.26,In stock
The_Hound_of_the_BasHolmes__5_,Two stars,£14.82,In stock
Little_Women__Little_Women__1_,Four stars,£28.07,In stock
Gone_with_the_Windh_the_Wind,Three stars,£32.49,In stock
CandideCandide,Three stars,£58.63,In stock
Animal_Farmnimal_Farm,Three stars,£57.22,In stock
Wuthering_Heightsng_Heights,Three stars,£17.73,In stock
The_Picture_of_Doriaorian_Gray,Two stars,£29.70,In stock
The_Complete_Stories_Edition__,Four stars,£26.78,In stock
BeowulfBeowulf,Two stars,£38.35,In stock
And_Then_There_Were__Were_None,Two stars,£35.01,In stock
The_Story_of_Hong_Ging_Gildong,Four stars,£43.19,In stock
The_Little_Princetle_Prince,Two stars,£45.42,In stock
Sense_and_Sensibilitensibility,One stars,£37.46,In stock
Of_Mice_and_Mence_and_Men,Two stars,£47.11,In stock
EmmaEmma,Two stars,£32.93,In stock
Alice_in_Wonderland_erland__1_,One stars,£55.53,In stock
