Name_of_the_book,Rating,Price,Availabilty
The_Coming_Woman__A_a_Woodhull,Three stars,£17.93,In stock
The_Boys_in_the_Boatn_Olympics,Four stars,£22.60,In stock
Starving_Hearts__Triilogy___1_,Two stars,£13.99,In stock
America_s_Cradle_of_oe_Montana,Three stars,£22.50,In stock
Aladdin_and_His_Wonderful_Lamp,Three stars,£53.13,In stock
Penny_Maybeenny_Maybe,Three stars,£33.29,In stock
Maude__1883_1993__Shhe_country,Two stars,£18.02,In stock
The_Inefficiency_AssNot_Longer,Five stars,£20.59,In stock
Soul_Readeroul_Reader,Two stars,£39.58,In stock
BossypantsBossypants,Two stars,£49.46,In stock
A_World_of_Flavor__Ye_Passport,One stars,£42.95,In stock
A_Piece_of_Sky__a_Greditations,Five stars,£56.76,In stock
Tracing_Numbers_on_aon_a_Train,Three stars,£41.60,In stock
Thirteen_Reasons_Whyeasons_Why,One stars,£52.72,In stock
The_Secret__The_SecrSecret__1_,Four stars,£27.37,In stock
The_Psychopath_Test_s_Industry,Two stars,£36.00,In stock
The_Kite_Runnerite_Runner,Four stars,£41.82,In stock
The_Girl_on_the_Trai_the_Train,Two stars,£55.02,In stock
The_Emerald_Mysteryld_Mystery,Two stars,£23.15,In stock
The_Bridge_to_Consciw_Beliefs_,Three stars,£32.00,In stock
The_Art_of_WarArt_of_War,Five stars,£33.34,In stock
Secrets_and_Lace__FaHearts__1_,One stars,£20.27,In stock
Romero_and_Juliet__And_Zombies,One stars,£36.94,In stock
Poses_for_Artists_VoHuman_Form,One stars,£41.06,In stock
Miss_Peregrineâ__s_Hildren__1_,One stars,£10.76,In stock
Large_Print_Heart_of_the_Pride,Two stars,£19.15,In stock
GrumblesGrumbles,Two stars,£22.16,In stock
First_Steps_for_New_t_Edition_,One stars,£29.00,In stock
Eureka_Trivia_6_0Trivia_6_0,Four stars,£54.59,In stock
Drive__The_Surprisintivates_Us,Four stars,£34.95,In stock
Done_Rubbed_Out__ReiBailey__1_,Five stars,£37.72,In stock
Beauty_Restored__Rilvellas__3_,Two stars,£11.11,In stock
Ayumi_s_Violini_s_Violin,Two stars,£15.48,In stock
AnonymousAnonymous,Four stars,£46.82,In stock
Amy_Meets_the_Saints_and_Sages,Three stars,£18.46,In stock
AmatusAmatus,Five stars,£50.54,In stock
V_for_Vendetta__V_fo_Complete_,Four stars,£37.10,In stock
Unbroken__A_World_WaRedemption,Two stars,£45.95,In stock
The_Wright_Brotherst_Brothers,Four stars,£56.80,In stock
The_Songs_of_the_Godf_the_Gods,Five stars,£44.48,In stock
The_Rosie_Project__Dillman__1_,One stars,£54.04,In stock
The_Power_of_Habit__d_Business,Three stars,£16.88,In stock
Steve_JobsSteve_Jobs,Five stars,£39.50,In stock
Luckiest_Girl_AliveGirl_Alive,Three stars,£49.83,In stock
Living_Leadership_by_Monuments,Four stars,£46.91,In stock
Lady_Midnight__The_Difices__1_,Five stars,£16.28,In stock
Hush__Hush__Hush__Hu__Hush__1_,Three stars,£47.02,In stock
Greek_Mythic_Historyic_History,Five stars,£10.23,In stock
Every_Last_Word_Last_Word,Three stars,£46.47,In stock
Daily_Fantasy_Sportsasy_Sports,One stars,£36.58,In stock
Clockwork_Angel__Theevices__1_,One stars,£44.14,In stock
City_of_Fallen_Angeluments__4_,Four stars,£11.23,In stock
City_of_Bones__The_Muments__1_,One stars,£43.28,In stock
City_of_Ashes__The_Muments__2_,One stars,£47.27,In stock
Carry_On__Warrior__Tfe_Unarmed,Three stars,£31.85,In stock
CarrieCarrie,Two stars,£46.23,In stock
Angels___Demons__Robangdon__1_,Three stars,£51.48,In stock
The_Three_Searches___the_Story,Three stars,£13.33,In stock
Raspberry_Pi_Electrovil_Genius,Four stars,£49.67,In stock
How_to_Speak_Golf__Ainks_Lingo,Five stars,£58.32,In stock
Eleanor___Parknor___Park,Five stars,£56.51,In stock
Troublemaker__Survivcientology,Two stars,£48.39,In stock
AdulteryAdultery,Five stars,£20.88,In stock
Unlimited_Intuition_uition_Now,Four stars,£58.87,In stock
Underlying_Notesying_Notes,Two stars,£11.82,In stock
The_New_Brand_You__Yle_for_You,Five stars,£44.05,In stock
The_Flowers_Liedowers_Lied,Two stars,£16.68,In stock
NaNo_What_Now__Findiand_beyond,Four stars,£10.41,In stock
Modern_Day_FablesDay_Fables,Two stars,£47.44,In stock
The_Unlikely_Pilgrimld_Fry__1_,Five stars,£43.62,In stock
The_Martian__The_Marartian__1_,Two stars,£41.39,In stock
Left_Behind__Left_BeBehind__1_,Two stars,£40.72,In stock
John_Vassos__Industrodern_Life,Four stars,£20.22,In stock
I_ll_Give_You_the_Suou_the_Sun,One stars,£56.48,In stock
Heaven_is_for_Real__n_and_Back,Two stars,£52.86,In stock
Ender_s_Game__The_Enuintet__1_,One stars,£43.64,In stock
Death_by_Leisure__A_onary_Tale,Four stars,£37.51,In stock
Wildlife_of_New_Yorkoring_Book,Two stars,£22.14,In stock
The_Year_of_Living_Bs_Possible,One stars,£34.72,In stock
The_Great_Gatsbyeat_Gatsby,Four stars,£36.05,In stock
The_Good_Girl_Good_Girl,Three stars,£49.03,In stock
The_7_Habits_of_Highnal_Change,Four stars,£33.17,In stock
Steal_Like_an_Artistg_Creative,Two stars,£20.90,In stock
Life_of_PiLife_of_Pi,Four stars,£13.22,In stock
The_Sound_Of_Lovend_Of_Love,Five stars,£57.84,In stock
The_Perks_of_Being_aWallflower,Three stars,£55.02,In stock
The_Makings_of_a_Fatless_Child,Two stars,£31.58,In stock
The_Hobbit__Middle_E_Universe_,Five stars,£17.80,In stock
The_Fellowship_of_th_Rings__1_,Two stars,£10.27,In stock
Ship_Leaves_Harbor__Journeyman,Three stars,£30.60,In stock
Musicophilia__Tales__the_Brain,One stars,£46.58,In stock
What_If___Serious_Sc_Questions,Four stars,£53.68,In stock
The_Fault_in_Our_Sta_Our_Stars,One stars,£47.22,In stock
The_Dream_Thieves__T_Cycle__2_,One stars,£34.50,In stock
The_5th_Wave__The_5th_Wave__1_,Two stars,£11.83,In stock
Shiver__The_Wolves_o_Falls__1_,Five stars,£16.23,In stock
Remember_Me_member_Me_,Three stars,£11.48,In stock
If_I_Stay__If_I_StayI_Stay__1_,Five stars,£38.13,In stock
I_Know_Why_the_Cagedgraphy__1_,Two stars,£36.55,In stock
Harry_Potter_and_thePotter__7_,One stars,£23.32,In stock
Fool_Me_Onceol_Me_Once,One stars,£16.96,In stock
DramaDrama,Two stars,£38.70,In stock
Blue_Lily__Lily_Blue_Cycle__3_,Five stars,£34.13,In stock
Alight__The_Generatirilogy__2_,Four stars,£58.59,In stock
Vogue_Colors_A_to_Z_oring_Book,Four stars,£52.35,In stock
The_Shining__The_Shihining__1_,Three stars,£27.88,In stock
The_Hunger_Games__Th_Games__1_,Five stars,£29.85,In stock
Outlander__Outlanderlander__1_,Five stars,£19.67,In stock
Mockingjay__The_Hung_Games__3_,Four stars,£20.44,In stock
Harry_Potter_and_thePotter__1_,Three stars,£13.90,In stock
Confessions_of_a_Shoaholic__1_,Two stars,£48.94,In stock
Zero_History__Blue_Aue_Ant__3_,One stars,£34.77,In stock
World_War_Z__An_OralZombie_War,One stars,£21.80,In stock
Wild__From_Lost_to_Frest_Trail,Three stars,£46.02,In stock
Where_d_You_Go__BernBernadette,One stars,£18.13,In stock
Twilight__Twilight__ilight__1_,Two stars,£41.93,In stock
The_Paris_WifeParis_Wife,Three stars,£36.80,In stock
The_Maze_Runner__TheRunner__1_,One stars,£20.93,In stock
The_Lover_s_DictionaDictionary,Two stars,£58.09,In stock
The_Goldfinch_Goldfinch,Three stars,£43.58,In stock
The_Giver__The_Giveruartet__1_,One stars,£12.30,In stock
The_Girl_Who_Played_rilogy__2_,Two stars,£22.14,In stock
The_Demon_Haunted_Won_the_Dark,Four stars,£52.25,In stock
The_Book_ThiefBook_Thief,Two stars,£53.49,In stock
The_Autobiography_of_Malcolm_X,Two stars,£23.43,In stock
Shopaholic___Baby__Saholic__5_,Two stars,£46.45,In stock
Quiet__The_Power_of_op_Talking,One stars,£43.55,In stock
Packing_for_Mars__Thn_the_Void,Two stars,£56.68,In stock
Orange_Is_the_New_Bl_New_Black,Two stars,£24.61,In stock
One_for_the_Money__Se_Plum__1_,Two stars,£32.87,In stock
Morning_Star__Red_RiRising__3_,One stars,£29.40,In stock
Life_After_LifeAfter_Life,Two stars,£26.13,In stock
Lean_In__Women__Workll_to_Lead,One stars,£25.02,In stock
Is_Everyone_Hanging__Concerns_,Three stars,£20.11,In stock
Gone_GirlGone_Girl,Five stars,£37.60,In stock
FellsideFellside,One stars,£38.62,In stock
Eclipse__Twilight__3ilight__3_,One stars,£18.74,In stock
DraculaDracula,Three stars,£52.62,In stock
Dead_Wake__The_Last__Lusitania,Five stars,£39.24,In stock
David_and_Goliath__Uing_Giants,One stars,£17.81,In stock
