Name_of_the_book,Rating,Price,Availabilty
Unicorn_Tracksorn_Tracks,Three stars,£18.78,In stock
Saga__Volume_6__Sagations___6_,Three stars,£25.02,In stock
Princess_Between_Worincess__5_,Five stars,£13.34,In stock
Masks_and_Shadowsnd_Shadows,Two stars,£56.40,In stock
Crown_of_Midnight__T_Glass__2_,Three stars,£43.29,In stock
Avatar__The_Last_AirShadow__3_,Two stars,£28.09,In stock
A_Court_of_Thorns_an_Roses__1_,One stars,£52.37,In stock
Throne_of_Glass__Thr_Glass__1_,Three stars,£35.07,In stock
The_Glittering_Court_Court__1_,One stars,£44.28,In stock
Hollow_City__Miss_Peildren__2_,One stars,£42.98,In stock
The_Star_Touched_Queched_Queen,Five stars,£46.02,In stock
The_Hidden_Oracle__TApollo__1_,Two stars,£52.26,In stock
The_Bane_Chronicles_les__1_11_,Four stars,£44.73,In stock
Island_of_Dragons__Uanteds__7_,One stars,£29.65,In stock
Demigods___Magiciansover__1_3_,Five stars,£37.51,In stock
City_of_Glass__The_Muments__3_,Four stars,£56.02,In stock
Searching_for_Meaninin_Gailana,One stars,£38.73,In stock
The_Star_Touched_Queched_Queen,Five stars,£32.30,In stock
A_Shard_of_Ice__The_y_Saga__1_,Three stars,£56.63,In stock
King_s_Folly__The_Kinicles__1_,Five stars,£39.61,In stock
Every_Heart_a_Doorwaoorway__1_,Five stars,£12.16,In stock
A_Gathering_of_Shado_Magic__2_,Four stars,£44.81,In stock
The_Raven_Boys__The__Cycle__1_,Four stars,£57.74,In stock
The_False_Prince__Thrilogy__1_,Five stars,£56.00,In stock
Tell_the_Wind_and_Fid_and_Fire,Three stars,£45.51,In stock
A_Feast_for_Crows__Ad_Fire__4_,Four stars,£17.21,In stock
The_Demonists__Demonmonist__1_,Two stars,£52.11,In stock
The_Beast__Black_Dagrhood__14_,Five stars,£46.08,In stock
Paper_and_Fire__The_ibrary__2_,Five stars,£49.45,In stock
Harry_Potter_and_thePotter__5_,Four stars,£31.63,In stock
Harry_Potter_and_thePotter__6_,Five stars,£48.75,In stock
Harry_Potter_and_thePotter__2_,One stars,£14.74,In stock
The_Rose___the_Daggee_Dawn__2_,Four stars,£58.64,In stock
Soldier__Talon__3__Talon__3_,Two stars,£24.72,In stock
Midnight_Riot__Peter_books__1_,Two stars,£55.46,In stock
Heir_to_the_Skyto_the_Sky,Four stars,£44.07,In stock
Eragon__The_Inherita_Cycle__1_,Three stars,£43.87,In stock
Darkfever__Fever__1__Fever__1_,One stars,£56.02,In stock
AshAsh,Four stars,£22.06,In stock
A_Storm_of_Swords__Ad_Fire__3_,Two stars,£31.22,In stock
Vampire_Girl__Vampire_Girl__1_,Two stars,£53.82,In stock
The_Silent_Twin__DetKnight__3_,Three stars,£36.25,In stock
The_Mirror___the_MazDawn__1_5_,One stars,£29.38,In stock
Sister_Sable__The_Ma_Queen__1_,Three stars,£13.33,In stock
Shadow_Rites__Jane_Ywrock__10_,Four stars,£21.72,In stock
Origins__Alphas_0_5_lphas_0_5_,One stars,£28.99,In stock
One_Second__Seven__7_Seven__7_,Two stars,£52.94,In stock
Myriad__Prentor__1_rentor__1_,Four stars,£58.75,In stock
