Name_of_the_book,Rating,Price,Availabilty
SoumissionSoumission,One stars,£50.10,In stock
Private_Paris__Privaivate__10_,Five stars,£47.61,In stock
We_Love_You__Charlieie_Freeman,Five stars,£50.27,In stock
ThirstThirst,Five stars,£17.27,In stock
The_Murder_That_Nevetincts__5_,Three stars,£54.11,In stock
Tuesday_Nights_in_19ts_in_1980,Two stars,£21.04,In stock
The_Vacationersacationers,Four stars,£42.15,In stock
The_Regional_Office_er_Attack_,Five stars,£51.36,In stock
Finders_Keepers__Bilrilogy__2_,Five stars,£53.53,In stock
The_Time_Keeperime_Keeper,Five stars,£27.88,In stock
The_Testament_of_Marnt_of_Mary,Four stars,£52.67,In stock
The_First_Hostage__Jollins__2_,Three stars,£25.85,In stock
Take_Me_with_Youe_with_You,Three stars,£45.21,In stock
Still_Life_with_Breaead_Crumbs,Three stars,£26.41,In stock
ShtumShtum,Four stars,£55.84,In stock
My_Name_Is_Lucy_Bartucy_Barton,One stars,£41.56,In stock
My_Mrs__BrownMrs__Brown,Three stars,£24.48,In stock
Mr__Mercedes__Bill_Hrilogy__1_,One stars,£28.90,In stock
I_Am_Pilgrim__Pilgriilgrim__1_,Four stars,£10.60,In stock
Eligible__The_Austenroject__4_,Three stars,£27.09,In stock
Eight_Hundred_Grapesred_Grapes,Four stars,£14.39,In stock
Dear_Mr__Knightley_Knightley,Five stars,£11.21,In stock
Cometh_the_Hour__Thenicles__6_,Three stars,£25.01,In stock
Balloon_Animalson_Animals,Three stars,£17.03,In stock
A_Man_Called_OveCalled_Ove,One stars,£39.72,In stock
The_Silent_Sister__Rherson__1_,Five stars,£46.29,In stock
The_Dinner_Partynner_Party,Two stars,£56.54,In stock
The_Improbability_ofty_of_Love,One stars,£59.45,In stock
Mothering_Sundaying_Sunday,Two stars,£13.34,In stock
Lies_and_Other_Acts_ts_of_Love,One stars,£45.14,In stock
DaredevilsDaredevils,Three stars,£16.34,In stock
11_22_6311_22_63,Three stars,£48.48,In stock
The_ShackThe_Shack,One stars,£28.03,In stock
The_High_Mountains_of_Portugal,One stars,£51.15,In stock
Miller_s_Valleyr_s_Valley,Two stars,£58.54,In stock
Hystopia__A_Novela__A_Novel,Four stars,£21.96,In stock
The_Bourne_Identity_Bourne__1_,Four stars,£42.78,In stock
Sister_Dearister_Dear,Four stars,£40.20,In stock
Memoirs_of_a_Geishaf_a_Geisha,Three stars,£49.67,In stock
Me_Before_You__Me_Bere_You__1_,One stars,£19.02,In stock
Deception_Pointtion_Point,Four stars,£40.32,In stock
The_Little_Paris_Boos_Bookshop,Three stars,£24.73,In stock
The_FirmThe_Firm,Three stars,£45.56,In stock
The_Expatriatesxpatriates,Two stars,£44.58,In stock
SiddharthaSiddhartha,Five stars,£34.22,In stock
Last_One_Home__New_Bnnings__1_,Three stars,£59.98,In stock
Digital_Fortressl_Fortress,Five stars,£58.00,In stock
Atlas_Shruggeds_Shrugged,Five stars,£26.58,In stock
Three_Martini_Lunchtini_Lunch,Three stars,£23.21,In stock
The_Nightingaleightingale,Four stars,£26.26,In stock
The_InfinitiesInfinities,One stars,£27.41,In stock
The_Husband_s_Secretd_s_Secret,Five stars,£52.51,In stock
The_Da_Vinci_Code__Rangdon__2_,Two stars,£22.96,In stock
The_Art_of_Fieldingf_Fielding,One stars,£22.10,In stock
Lila__Gilead__3_Gilead__3_,Three stars,£12.47,In stock
Jurassic_Park__Jurasc_Park__1_,One stars,£44.97,In stock
Inferno__Robert_Langangdon__4_,Five stars,£41.00,In stock
Crazy_Rich_Asians__CAsians__1_,Five stars,£49.13,In stock
Big_Little_Liesittle_Lies,One stars,£22.11,In stock
The_Course_of_Lovese_of_Love,Three stars,£16.78,In stock
When_I_m_Gonen_I_m_Gone,Three stars,£51.96,In stock
The_Silent_Wifeilent_Wife,Five stars,£12.34,In stock
The_Bette_Davis_ClubDavis_Club,Three stars,£30.66,In stock
Kitchens_of_the_Greaat_Midwest,Five stars,£57.20,In stock
Bright_Linesight_Lines,Five stars,£39.07,In stock
