Category,Name_of_the_book,Rating,Price,Availabilty
Travel,It_s_Only_the_Himala_Himalayas,Two stars,£45.17,In stock
Travel,Full_Moon_over_Noahâand_Beyond,Four stars,£49.43,In stock
Travel,See_America__A_Celebured_Sites,Three stars,£48.87,In stock
Travel,Vagabonding__An_Uncorld_Travel,Two stars,£36.94,In stock
Travel,Under_the_Tuscan_SunTuscan_Sun,Three stars,£37.33,In stock
Travel,A_Summer_In_Europe_In_Europe,Two stars,£44.34,In stock
Travel,The_Great_Railway_Baway_Bazaar,One stars,£30.54,In stock
Travel,A_Year_in_Provence__ovence__1_,Four stars,£56.88,In stock
Travel,The_Road_to_Little_DIsland__2_,One stars,£23.21,In stock
Travel,Neither_Here_nor_The_in_Europe,Three stars,£38.95,In stock
Travel,1_000_Places_to_See_re_You_Die,Five stars,£26.08,In stock
Mystery,Sharp_Objectsrp_Objects,Four stars,£47.82,In stock
Mystery,In_a_Dark__Dark_Wood_Dark_Wood,One stars,£19.63,In stock
Mystery,The_Past_Never_EndsNever_Ends,Four stars,£56.50,In stock
Mystery,A_Murder_in_Timeer_in_Time,One stars,£16.64,In stock
Mystery,The_Murder_of_Roger_Poirot__4_,Four stars,£44.10,In stock
Mystery,The_Last_Mile__Amos_Decker__2_,Two stars,£54.21,In stock
Mystery,That_Darkness__GardiRenner__1_,One stars,£13.92,In stock
Mystery,Tastes_Like_Fear__DIe_Rome__3_,One stars,£10.69,In stock
Mystery,A_Time_of_Torment__Carker__14_,Five stars,£48.35,In stock
Mystery,A_Study_in_Scarlet__Holmes__1_,Two stars,£16.73,In stock
Mystery,Poisonous__Max_ReverNovels__3_,Three stars,£26.80,In stock
Mystery,Murder_at_the_42nd_SAmbler__1_,Four stars,£54.36,In stock
Mystery,Most_Wantedost_Wanted,Three stars,£35.28,In stock
Mystery,Hide_Away__Eve_Duncauncan__20_,One stars,£11.84,In stock
Mystery,Boar_Island__Anna_Piigeon__19_,Three stars,£59.48,In stock
Mystery,The_WidowThe_Widow,Two stars,£27.26,In stock
Mystery,Playing_with_Fire_with_Fire,Three stars,£13.71,In stock
Mystery,What_Happened_on_Beateries__2_,Five stars,£25.37,In stock
Mystery,The_Bachelor_Girl_s_teries__1_,Five stars,£52.30,In stock
Mystery,Delivering_the_Truthystery__1_,Four stars,£20.89,In stock
Mystery,The_Mysterious_AffaiPoirot__1_,Four stars,£24.80,In stock
Mystery,In_the_Woods__Dublin_Squad__1_,Two stars,£38.38,In stock
Mystery,The_Silkworm__CormorStrike__2_,Five stars,£23.05,In stock
Mystery,The_ExiledThe_Exiled,Three stars,£43.45,In stock
Mystery,The_Cuckoo_s_CallingStrike__1_,One stars,£19.21,In stock
Mystery,Extreme_Prey__Lucas_nport__26_,Three stars,£25.40,In stock
Mystery,Career_of_Evil__CormStrike__3_,Two stars,£24.72,In stock
Mystery,The_No__1_Ladies__DeAgency__1_,Four stars,£57.70,In stock
Mystery,The_Girl_You_Lostl_You_Lost,Five stars,£12.29,In stock
Mystery,The_Girl_In_The_Ice_Foster__1_,Three stars,£15.85,In stock
Mystery,Blood_Defense__Samaninkman__1_,Three stars,£20.30,In stock
Mystery,1st_to_Die__Women_s_r_Club__1_,One stars,£53.98,In stock
Historical Fiction,Tipping_the_Velvetthe_Velvet,One stars,£53.74,In stock
Historical Fiction,Forever_and_Forever_y_Appleton,Three stars,£29.69,In stock
Historical Fiction,A_Flight_of_Arrows__inders__2_,Five stars,£55.53,In stock
Historical Fiction,The_House_by_the_Laky_the_Lake,One stars,£36.95,In stock
Historical Fiction,Mrs__Houdinis__Houdini,Five stars,£30.25,In stock
Historical Fiction,The_Marriage_of_Oppo_Opposites,Four stars,£28.08,In stock
Historical Fiction,Glory_over_Everythinchen_House,Three stars,£45.84,In stock
Historical Fiction,Love__Lies_and_Spies_and_Spies,Two stars,£20.55,In stock
Historical Fiction,A_Paris_Apartment_Apartment,Four stars,£39.01,In stock
Historical Fiction,Lilac_Girlsilac_Girls,Two stars,£17.28,In stock
Historical Fiction,The_Constant_Princes_Court__1_,Three stars,£16.62,In stock
Historical Fiction,The_Invention_of_Winn_of_Wings,One stars,£37.34,In stock
Historical Fiction,World_Without_End__T_Earth__2_,Four stars,£32.97,In stock
Historical Fiction,The_Passion_of_Dolss_of_Dolssa,Five stars,£28.32,In stock
Historical Fiction,Girl_With_a_Pearl_Earl_Earring,One stars,£26.77,In stock
Historical Fiction,Voyager__Outlander__lander__3_,Five stars,£21.07,In stock
Historical Fiction,The_Red_Tente_Red_Tent,Five stars,£35.66,In stock
Historical Fiction,The_Last_Painting_ofara_de_Vos,Two stars,£55.55,In stock
Historical Fiction,The_Guernsey_Literarie_Society,One stars,£49.53,In stock
Historical Fiction,Girl_in_the_Blue_Coa_Blue_Coat,Two stars,£46.83,In stock
Historical Fiction,Between_Shades_of_Gres_of_Gray,Five stars,£20.79,In stock
Historical Fiction,While_You_Were_Mine_Were_Mine,Five stars,£41.32,In stock
Historical Fiction,The_Secret_Healerret_Healer,Three stars,£34.56,In stock
Historical Fiction,StarlarkStarlark,Three stars,£25.83,In stock
Historical Fiction,Lost_Among_the_Livinthe_Living,Four stars,£27.70,In stock
Historical Fiction,A_Spy_s_Devotion__ThLondon__1_,Five stars,£16.97,In stock
Sequential Art,Scott_Pilgrim_s_Precilgrim__1_,Five stars,£52.29,In stock
Sequential Art,Tsubasa__WoRLD_CHRoNoNiCLE__2_,One stars,£16.28,In stock
Sequential Art,This_One_SummerOne_Summer,Four stars,£19.49,In stock
Sequential Art,The_Nameless_City__Ts_City__1_,Four stars,£38.16,In stock
Sequential Art,Saga__Volume_5__Sagations___5_,Two stars,£51.04,In stock
Sequential Art,Rat_Queens__Vol__3__s___11_15_,Three stars,£50.40,In stock
Sequential Art,Princess_Jellyfish_2mnibus__1_,Five stars,£13.61,In stock
Sequential Art,Pop_Gun_War__Volume_me_1__Gift,One stars,£18.97,In stock
Sequential Art,PatiencePatience,Three stars,£10.16,In stock
Sequential Art,Outcast__Vol__1__A_Dutcast__1_,Four stars,£15.44,In stock
Sequential Art,orange__The_Completeection__1_,One stars,£48.41,In stock
Sequential Art,Lumberjanes__Vol__2_anes__5_8_,Two stars,£46.91,In stock
Sequential Art,Lumberjanes__Vol__1_anes__1_4_,Three stars,£45.61,In stock
Sequential Art,Lumberjanes_Vol__3__nes__9_12_,Two stars,£19.92,In stock
Sequential Art,I_Hate_Fairyland__Voons___1_5_,Two stars,£29.17,In stock
Sequential Art,I_am_a_Hero_Omnibus_s_Volume_1,Three stars,£54.63,In stock
Sequential Art,Giant_Days__Vol__2__Days__5_8_,Two stars,£22.11,In stock
Sequential Art,Danganronpa_Volume_1a_Volume_1,Four stars,£51.99,In stock
Sequential Art,Codename_Baboushka__e_of_Death,Four stars,£36.72,In stock
Sequential Art,Camp_Midnightp_Midnight,Four stars,£17.08,In stock
Sequential Art,Bitch_Planet__Vol__1Editions__,Two stars,£37.92,In stock
Sequential Art,The_Shadow_Hero__Theadow_Hero_,One stars,£33.14,In stock
Sequential Art,Fables__Vol__1__LegeFables__1_,Four stars,£41.62,In stock
Sequential Art,Batman__The_Long_Haln__Batman_,Two stars,£36.50,In stock
Sequential Art,Batman__The_Dark_Knis__Batman_,Five stars,£15.38,In stock
Sequential Art,Wonder_Woman__Earth_th_One__1_,Four stars,£37.34,In stock
Sequential Art,We_Are_Robin__Vol__1_Robin__1_,One stars,£53.90,In stock
Sequential Art,Through_the_Woods_the_Woods,Two stars,£25.38,In stock
Sequential Art,Superman_Vol__1__Befn_Yang__1_,Five stars,£11.89,In stock
Sequential Art,So_Cute_It_Hurts____urts____6_,Four stars,£35.43,In stock
Sequential Art,Robin_WarRobin_War,Three stars,£47.82,In stock
Sequential Art,Red_Hood_Arsenal__Vorsenal__1_,Two stars,£25.48,In stock
Sequential Art,Naruto__3_in_1_Editinibus__14_,Two stars,£38.39,In stock
Sequential Art,Lowriders_to_the_Cen_Space__2_,Two stars,£51.51,In stock
Sequential Art,El_DeafoEl_Deafo,Five stars,£57.62,In stock
Sequential Art,Batman__Europaan__Europa,Two stars,£32.01,In stock
Sequential Art,Art_Ops_Vol__1Ops_Vol__1,Three stars,£48.80,In stock
Sequential Art,Adulthood_Is_a_Myth_Collection,Two stars,£10.90,In stock
Sequential Art,Fruits_Basket__Vol__Basket__9_,Four stars,£33.95,In stock
Sequential Art,Roller_Girloller_Girl,Five stars,£14.10,In stock
Sequential Art,Fruits_Basket__Vol__Basket__7_,One stars,£19.57,In stock
Sequential Art,Fruits_Basket__Vol__Basket__6_,Four stars,£20.96,In stock
Sequential Art,Death_Note__Vol__6__h_Note__6_,Three stars,£36.39,In stock
Sequential Art,Fruits_Basket__Vol__Basket__5_,One stars,£16.33,In stock
Sequential Art,Death_Note__Vol__5__h_Note__5_,One stars,£52.41,In stock
Sequential Art,The_Demon_Prince_of__House__4_,Two stars,£27.88,In stock
Sequential Art,Fruits_Basket__Vol__Basket__4_,Four stars,£50.44,In stock
Sequential Art,The_Wicked___The_Divhe_Divine_,Three stars,£14.41,In stock
Sequential Art,The_Sandman__Vol__3_lumes___3_,Five stars,£55.55,In stock
Sequential Art,Saga__Volume_3__Sagations___3_,Five stars,£21.57,In stock
Sequential Art,Prodigy__The_Graphic_Novel__2_,Three stars,£43.63,In stock
Sequential Art,Persepolis__The_Storolis__1_2_,One stars,£39.13,In stock
Sequential Art,Original_Fakeginal_Fake,Three stars,£31.45,In stock
Sequential Art,Grayson__Vol_3__Nemerayson__3_,One stars,£42.72,In stock
Sequential Art,Fruits_Basket__Vol__Basket__3_,Two stars,£45.17,In stock
Sequential Art,Black_Butler__Vol__1Butler__1_,One stars,£49.31,In stock
Sequential Art,AwkwardAwkward,Two stars,£38.02,In stock
Sequential Art,The_Sandman__Vol__2_lumes___2_,One stars,£54.81,In stock
Sequential Art,Saga__Volume_2__Sagations___2_,Three stars,£11.75,In stock
Sequential Art,Fruits_Basket__Vol__Basket__2_,Five stars,£11.64,In stock
Sequential Art,Y__The_Last_Man__Volst_Man__1_,Four stars,£18.51,In stock
Sequential Art,The_Wicked___The_Divhe_Divine_,Two stars,£36.52,In stock
Sequential Art,The_Sandman__Vol__1_lumes___1_,Three stars,£54.12,In stock
Sequential Art,The_Complete_Maus__MMaus__1_2_,Three stars,£10.64,In stock
Sequential Art,Skip_Beat___Vol__01__Beat___1_,Three stars,£42.12,In stock
Sequential Art,Saga__Volume_1__Sagations___1_,One stars,£28.48,In stock
Sequential Art,Rat_Queens__Vol__1__ons___1_5_,Five stars,£46.96,In stock
Sequential Art,Paper_Girls__Vol__1_irls__1_5_,Four stars,£21.71,In stock
Sequential Art,Ouran_High_School_Hot_Club__1_,Three stars,£29.87,In stock
Sequential Art,Ms__Marvel__Vol__1___2015___1_,Four stars,£39.39,In stock
Sequential Art,Hawkeye__Vol__1__My_awkeye__1_,Three stars,£45.24,In stock
Sequential Art,Giant_Days__Vol__1__Days__1_4_,Four stars,£56.76,In stock
Sequential Art,Fruits_Basket__Vol__Basket__1_,Five stars,£40.28,In stock
Sequential Art,Bleach__Vol__1__StraBleach__1_,Five stars,£34.65,In stock
Sequential Art,Ajin__Demi_Human__Vo_Human__1_,Four stars,£57.06,In stock
Classics,The_Secret_Gardenret_Garden,Four stars,£15.08,In stock
Classics,The_Metamorphosisamorphosis,One stars,£28.58,In stock
Classics,The_Pilgrim_s_Progres_Progress,Two stars,£50.26,In stock
Classics,The_Hound_of_the_BasHolmes__5_,Two stars,£14.82,In stock
Classics,Little_Women__Little_Women__1_,Four stars,£28.07,In stock
Classics,Gone_with_the_Windh_the_Wind,Three stars,£32.49,In stock
Classics,CandideCandide,Three stars,£58.63,In stock
Classics,Animal_Farmnimal_Farm,Three stars,£57.22,In stock
Classics,Wuthering_Heightsng_Heights,Three stars,£17.73,In stock
Classics,The_Picture_of_Doriaorian_Gray,Two stars,£29.70,In stock
Classics,The_Complete_Stories_Edition__,Four stars,£26.78,In stock
Classics,BeowulfBeowulf,Two stars,£38.35,In stock
Classics,And_Then_There_Were__Were_None,Two stars,£35.01,In stock
Classics,The_Story_of_Hong_Ging_Gildong,Four stars,£43.19,In stock
Classics,The_Little_Princetle_Prince,Two stars,£45.42,In stock
Classics,Sense_and_Sensibilitensibility,One stars,£37.46,In stock
Classics,Of_Mice_and_Mence_and_Men,Two stars,£47.11,In stock
Classics,EmmaEmma,Two stars,£32.93,In stock
Classics,Alice_in_Wonderland_erland__1_,One stars,£55.53,In stock
Philosophy,Sophie_s_Worldie_s_World,Five stars,£15.94,In stock
Philosophy,The_Death_of_Humanite_for_Life,Four stars,£58.11,In stock
Philosophy,The_Strangere_Stranger,Four stars,£17.44,In stock
Philosophy,Proofs_of_God__Classn_to_Barth,One stars,£54.21,In stock
Philosophy,Kierkegaard__A_ChrisChristians,One stars,£47.13,In stock
Philosophy,At_The_Existentialisand_others,Five stars,£29.93,In stock
Philosophy,Critique_of_Pure_Reaure_Reason,One stars,£20.75,In stock
Philosophy,Run__Spot__Run__The_eping_Pets,One stars,£20.02,In stock
Philosophy,The_Nicomachean_Ethiean_Ethics,One stars,£36.34,In stock
Philosophy,Meditationseditations,Two stars,£25.89,In stock
Philosophy,Beyond_Good_and_Evild_and_Evil,One stars,£43.38,In stock
Romance,Chase_Me__Paris_NighNights__2_,Five stars,£25.27,In stock
Romance,Black_DustBlack_Dust,Five stars,£34.53,In stock
Romance,Her_Backup_BoyfriendFamily__1_,One stars,£33.97,In stock
Romance,First_and_First__Fivroughs__3_,Four stars,£15.97,In stock
Romance,Fifty_Shades_Darker_Shades__2_,One stars,£21.96,In stock
Romance,The_Wedding_Dressding_Dress,One stars,£24.12,In stock
Romance,Suddenly_in_Love__La_Haven__1_,Two stars,£55.99,In stock
Romance,Something_More_Than__Than_This,Four stars,£16.24,In stock
Romance,Doing_It_Over__Most_ely_To__1_,Three stars,£35.61,In stock
Romance,The_Wedding_Pact__Thalleys__2_,Three stars,£32.61,In stock
Romance,Hold_Your_Breath__SeRescue__1_,One stars,£28.82,In stock
Romance,Dirty__Dive_Bar__1_ve_Bar__1_,Four stars,£40.83,In stock
Romance,Take_Me_Home_Tonightomance__3_,Three stars,£53.98,In stock
Romance,Off_the_Hook__Fishinrouble__1_,Three stars,£47.67,In stock
Romance,A_Gentleman_s_Posititlemen__3_,Five stars,£14.75,In stock
Romance,Sit__Stay__LoveStay__Love,Three stars,£20.90,In stock
Romance,A_Girl_s_Guide_to_Monnings__2_,One stars,£31.30,In stock
Romance,The_Perfect_Play__Ply_Play__1_,Three stars,£59.99,In stock
Romance,Dark_Lover__Black_Daerhood__1_,One stars,£12.87,In stock
Romance,Changing_the_Game__Py_Play__2_,Three stars,£13.38,In stock
Romance,A_Walk_to_Remembero_Remember,One stars,£56.43,In stock
Romance,The_Purest_Hook__Secattoos__3_,One stars,£12.25,In stock
Romance,The_Obsession_Obsession,One stars,£45.43,In stock
Romance,Reservations_for_Twons_for_Two,Three stars,£11.10,In stock
Romance,Best_of_My_Love__Foo_Gold__20_,Two stars,£27.41,In stock
Romance,Where_Lightning_Stri_Stars__3_,Three stars,£39.77,In stock
Romance,This_One_Moment__PusLimits__1_,One stars,£48.71,In stock
Romance,Rhythm__Chord___Maly__Malykhin,Two stars,£28.34,In stock
Romance,My_Perfect_Mistake__he_Top__1_,Two stars,£38.92,In stock
Romance,Listen_to_Me__FusionFusion__1_,Three stars,£58.99,In stock
Romance,Imperfect_Harmonyct_Harmony,Four stars,£34.74,In stock
Romance,Fighting_Fate__Fightghting__6_,Three stars,£39.24,In stock
Romance,Deep_Under__Walker_Scurity__1_,Five stars,£47.09,In stock
Romance,Charity_s_Cross__ChaBelles__4_,One stars,£41.24,In stock
Romance,Bounty__Colorado_Mouuntain__7_,Four stars,£37.26,In stock
Womens Fiction,I_Had_a_Nice_Time_An_like_that,Four stars,£57.36,In stock
Womens Fiction,Will_You_Won_t_You_Wu_Want_Me_,Three stars,£13.86,In stock
Womens Fiction,Keep_Me_Posted_Me_Posted,Four stars,£20.46,In stock
Womens Fiction,Grey__Fifty_Shades__Shades__4_,Four stars,£48.49,In stock
Womens Fiction,MeternityMeternity,Three stars,£43.58,In stock
Womens Fiction,Some_WomenSome_Women,Five stars,£13.73,In stock
Womens Fiction,Shopaholic_Ties_the_aholic__3_,Five stars,£48.39,In stock
Womens Fiction,Can_You_Keep_a_Secre_a_Secret_,One stars,£21.94,In stock
Womens Fiction,Twenties_Girlnties_Girl,Two stars,£42.80,In stock
Womens Fiction,The_Undomestic_Goddeic_Goddess,Four stars,£45.75,In stock
Womens Fiction,The_Nanny_Diaries__N_Nanny__1_,Five stars,£52.53,In stock
Womens Fiction,The_Devil_Wears_Prad_Prada__1_,One stars,£44.29,In stock
Womens Fiction,Something_Borrowed__Rachel__1_,Five stars,£48.96,In stock
Womens Fiction,Something_Blue__DarcRachel__2_,One stars,£54.62,In stock
Womens Fiction,I_ve_Got_Your_Numberour_Number,One stars,£19.69,In stock
Womens Fiction,The_Edge_of_Reason___Jones__2_,Four stars,£19.18,In stock
Womens Fiction,Bridget_Jones_s_Diar_Jones__1_,One stars,£29.82,In stock
Fiction,SoumissionSoumission,One stars,£50.10,In stock
Fiction,Private_Paris__Privaivate__10_,Five stars,£47.61,In stock
Fiction,We_Love_You__Charlieie_Freeman,Five stars,£50.27,In stock
Fiction,ThirstThirst,Five stars,£17.27,In stock
Fiction,The_Murder_That_Nevetincts__5_,Three stars,£54.11,In stock
Fiction,Tuesday_Nights_in_19ts_in_1980,Two stars,£21.04,In stock
Fiction,The_Vacationersacationers,Four stars,£42.15,In stock
Fiction,The_Regional_Office_er_Attack_,Five stars,£51.36,In stock
Fiction,Finders_Keepers__Bilrilogy__2_,Five stars,£53.53,In stock
Fiction,The_Time_Keeperime_Keeper,Five stars,£27.88,In stock
Fiction,The_Testament_of_Marnt_of_Mary,Four stars,£52.67,In stock
Fiction,The_First_Hostage__Jollins__2_,Three stars,£25.85,In stock
Fiction,Take_Me_with_Youe_with_You,Three stars,£45.21,In stock
Fiction,Still_Life_with_Breaead_Crumbs,Three stars,£26.41,In stock
Fiction,ShtumShtum,Four stars,£55.84,In stock
Fiction,My_Name_Is_Lucy_Bartucy_Barton,One stars,£41.56,In stock
Fiction,My_Mrs__BrownMrs__Brown,Three stars,£24.48,In stock
Fiction,Mr__Mercedes__Bill_Hrilogy__1_,One stars,£28.90,In stock
Fiction,I_Am_Pilgrim__Pilgriilgrim__1_,Four stars,£10.60,In stock
Fiction,Eligible__The_Austenroject__4_,Three stars,£27.09,In stock
Fiction,Eight_Hundred_Grapesred_Grapes,Four stars,£14.39,In stock
Fiction,Dear_Mr__Knightley_Knightley,Five stars,£11.21,In stock
Fiction,Cometh_the_Hour__Thenicles__6_,Three stars,£25.01,In stock
Fiction,Balloon_Animalson_Animals,Three stars,£17.03,In stock
Fiction,A_Man_Called_OveCalled_Ove,One stars,£39.72,In stock
Fiction,The_Silent_Sister__Rherson__1_,Five stars,£46.29,In stock
Fiction,The_Dinner_Partynner_Party,Two stars,£56.54,In stock
Fiction,The_Improbability_ofty_of_Love,One stars,£59.45,In stock
Fiction,Mothering_Sundaying_Sunday,Two stars,£13.34,In stock
Fiction,Lies_and_Other_Acts_ts_of_Love,One stars,£45.14,In stock
Fiction,DaredevilsDaredevils,Three stars,£16.34,In stock
Fiction,11_22_6311_22_63,Three stars,£48.48,In stock
Fiction,The_ShackThe_Shack,One stars,£28.03,In stock
Fiction,The_High_Mountains_of_Portugal,One stars,£51.15,In stock
Fiction,Miller_s_Valleyr_s_Valley,Two stars,£58.54,In stock
Fiction,Hystopia__A_Novela__A_Novel,Four stars,£21.96,In stock
Fiction,The_Bourne_Identity_Bourne__1_,Four stars,£42.78,In stock
Fiction,Sister_Dearister_Dear,Four stars,£40.20,In stock
Fiction,Memoirs_of_a_Geishaf_a_Geisha,Three stars,£49.67,In stock
Fiction,Me_Before_You__Me_Bere_You__1_,One stars,£19.02,In stock
Fiction,Deception_Pointtion_Point,Four stars,£40.32,In stock
Fiction,The_Little_Paris_Boos_Bookshop,Three stars,£24.73,In stock
Fiction,The_FirmThe_Firm,Three stars,£45.56,In stock
Fiction,The_Expatriatesxpatriates,Two stars,£44.58,In stock
Fiction,SiddharthaSiddhartha,Five stars,£34.22,In stock
Fiction,Last_One_Home__New_Bnnings__1_,Three stars,£59.98,In stock
Fiction,Digital_Fortressl_Fortress,Five stars,£58.00,In stock
Fiction,Atlas_Shruggeds_Shrugged,Five stars,£26.58,In stock
Fiction,Three_Martini_Lunchtini_Lunch,Three stars,£23.21,In stock
Fiction,The_Nightingaleightingale,Four stars,£26.26,In stock
Fiction,The_InfinitiesInfinities,One stars,£27.41,In stock
Fiction,The_Husband_s_Secretd_s_Secret,Five stars,£52.51,In stock
Fiction,The_Da_Vinci_Code__Rangdon__2_,Two stars,£22.96,In stock
Fiction,The_Art_of_Fieldingf_Fielding,One stars,£22.10,In stock
Fiction,Lila__Gilead__3_Gilead__3_,Three stars,£12.47,In stock
Fiction,Jurassic_Park__Jurasc_Park__1_,One stars,£44.97,In stock
Fiction,Inferno__Robert_Langangdon__4_,Five stars,£41.00,In stock
Fiction,Crazy_Rich_Asians__CAsians__1_,Five stars,£49.13,In stock
Fiction,Big_Little_Liesittle_Lies,One stars,£22.11,In stock
Fiction,The_Course_of_Lovese_of_Love,Three stars,£16.78,In stock
Fiction,When_I_m_Gonen_I_m_Gone,Three stars,£51.96,In stock
Fiction,The_Silent_Wifeilent_Wife,Five stars,£12.34,In stock
Fiction,The_Bette_Davis_ClubDavis_Club,Three stars,£30.66,In stock
Fiction,Kitchens_of_the_Greaat_Midwest,Five stars,£57.20,In stock
Fiction,Bright_Linesight_Lines,Five stars,£39.07,In stock
Childrens,Birdsong__A_Story_inn_Pictures,Three stars,£54.64,In stock
Childrens,The_Bear_and_the_Pia_the_Piano,One stars,£36.89,In stock
Childrens,The_Secret_of_Dreadwllow_Carse,One stars,£56.13,In stock
Childrens,The_White_Cat_and_thur_BÃ_nâ__,Four stars,£58.08,In stock
Childrens,Little_RedLittle_Red,Three stars,£13.47,In stock
Childrens,Walt_Disney_s_Alice_Wonderland,Five stars,£12.96,In stock
Childrens,Twenty_Yawnsenty_Yawns,Two stars,£22.08,In stock
Childrens,Rain_FishRain_Fish,Three stars,£23.57,In stock
Childrens,Once_Was_a_TimeWas_a_Time,Two stars,£18.28,In stock
Childrens,Luis_Paints_the_Worl_the_World,Three stars,£53.95,In stock
Childrens,Nap_a_RooNap_a_Roo,One stars,£25.08,In stock
Childrens,The_WhaleThe_Whale,Four stars,£35.96,In stock
Childrens,Shrunken_Treasures___and_Silly,Three stars,£52.87,In stock
Childrens,Raymie_Nightingaleightingale,Two stars,£34.41,In stock
Childrens,Playing_from_the_Hea_the_Heart,One stars,£32.38,In stock
Childrens,Maybe_Something_Beauighborhood,One stars,£22.54,In stock
Childrens,The_Wild_RobotWild_Robot,Three stars,£56.07,In stock
Childrens,The_Thing_About_Jell_Jellyfish,One stars,£48.77,In stock
Childrens,The_Lonely_Onesonely_Ones,Five stars,£43.59,In stock
Childrens,The_Day_the_Crayons___Crayons_,Five stars,£26.33,In stock
Childrens,The_Cat_in_the_Hat__Books_B_1_,Two stars,£16.26,In stock
Childrens,Red__The_True_Story_iding_Hood,Three stars,£28.54,In stock
Childrens,Horrible_Bear_ible_Bear_,Two stars,£37.52,In stock
Childrens,Green_Eggs_and_Ham__ooks_B_16_,Four stars,£10.79,In stock
Childrens,Counting_Thymeting_Thyme,One stars,£10.62,In stock
Childrens,Are_We_There_Yet_There_Yet_,Three stars,£10.66,In stock
Childrens,Diary_of_a_Minecraftraft_Book_,Four stars,£52.88,In stock
Childrens,MatildaMatilda,One stars,£28.34,In stock
Childrens,Charlie_and_the_ChocBucket__1_,Three stars,£22.85,In stock
Religion,Don_t_Be_a_Jerk__AndZen_Master,Two stars,£37.97,In stock
Religion,You_Are_What_You_Lovr_of_Habit,Four stars,£21.87,In stock
Religion,God__The_Most_Unpleall_Fiction,Five stars,£30.03,In stock
Religion,The_Book_of_Mormon_of_Mormon,Three stars,£24.57,In stock
Religion,A_History_of_God__Th_and_Islam,One stars,£27.62,In stock
Religion,The_Bhagavad_Gitagavad_Gita,Three stars,£57.49,In stock
Religion,Choosing_Our_Religioca_s_Nones,Four stars,£28.42,In stock
Nonfiction,Worlds_Elsewhere__Joâ__s_Globe,Five stars,£40.30,In stock
Nonfiction,The_Five_Love_Langua_Your_Mate,Three stars,£31.05,In stock
Nonfiction,Reasons_to_Stay_AlivStay_Alive,Two stars,£26.41,In stock
Nonfiction,_HigherSelfie__Wake_our_Tribe_,Five stars,£23.11,In stock
Nonfiction,Unseen_City__The_MajWilderness,Four stars,£44.18,In stock
Nonfiction,Throwing_Rocks_at_thProsperity,Three stars,£31.12,In stock
Nonfiction,The_Life_Changing_MaOrganizing,Three stars,£16.77,In stock
Nonfiction,The_Gutsy_Girl__Esca_Adventure,One stars,£37.13,In stock
Nonfiction,The_Electric_Pencil_ital_No__3,One stars,£56.06,In stock
Nonfiction,Spark_Joy__An_IllustTidying_Up,Four stars,£41.83,In stock
Nonfiction,Reskilling_America__st_Century,Two stars,£19.83,In stock
Nonfiction,In_the_Country_We_Loly_Divided,Four stars,£22.00,In stock
Nonfiction,Everydata__The_Misin_Every_Day,Two stars,£54.35,In stock
Nonfiction,Call_the_Nurse__Truettish_Isle,Five stars,£29.14,In stock
Nonfiction,Algorithms_to_Live_B_Decisions,One stars,£30.81,In stock
Nonfiction,The_Power_of_Now__A_ightenment,Two stars,£43.54,In stock
Nonfiction,The_Omnivore_s_DilemFour_Meals,Two stars,£38.21,In stock
Nonfiction,The_Genius_of_Birdss_of_Birds,One stars,£17.24,In stock
Nonfiction,The_Artist_s_Way__A_Creativity,Five stars,£38.49,In stock
Nonfiction,So_You_ve_Been_Publicly_Shamed,Two stars,£12.23,In stock
Nonfiction,Daring_Greatly__How___and_Lead,Three stars,£19.43,In stock
Nonfiction,Big_Magic__Creative_eyond_Fear,Three stars,£30.80,In stock
Nonfiction,Becoming_Wise__An_In_of_Living,Two stars,£27.43,In stock
Nonfiction,Agnostic__A_Spirited_Manifesto,Five stars,£12.51,In stock
Nonfiction,Whole_Lotta_CreativiCreativity,Four stars,£38.20,In stock
Nonfiction,What_s_It_Like_in_SpBeen_There,Two stars,£19.60,In stock
Nonfiction,The_Year_of_Magical_l_Thinking,Two stars,£43.04,In stock
Nonfiction,The_Literature_Book_Explained_,Three stars,£17.43,In stock
Nonfiction,The_Bad_Ass_Librariaanuscripts,One stars,£15.77,In stock
Nonfiction,Swell__A_Year_of_Wavr_of_Waves,One stars,£45.58,In stock
Nonfiction,No_Dream_Is_Too_Highn_the_Moon,Two stars,£21.95,In stock
Nonfiction,Looking_for_Lovely__hat_Matter,Five stars,£29.14,In stock
Nonfiction,Let_It_Out__A_JourneJournaling,Five stars,£26.79,In stock
Nonfiction,Hamilton__The_RevoluRevolution,Three stars,£58.79,In stock
Nonfiction,Far___Away__Places_oFive_Years,Four stars,£15.06,In stock
Nonfiction,Eaternity__More_thanoyful_Life,Five stars,£51.75,In stock
Nonfiction,Buying_In__The_SecreWho_We_Are,Four stars,£37.80,In stock
Nonfiction,Brain_on_Fire__My_Moof_Madness,Five stars,£49.32,In stock
Nonfiction,Abstract_Citytract_City,Five stars,£56.37,In stock
Nonfiction,13_Hours__The_Insiden_Benghazi,One stars,£27.06,In stock
Nonfiction,The_Lonely_City__Adveing_Alone,Two stars,£33.26,In stock
Nonfiction,The_Diary_of_a_YoungYoung_Girl,Three stars,£59.90,In stock
Nonfiction,Snatched__How_A_Drug_Guerillas,Three stars,£21.21,In stock
Nonfiction,Furiously_Happy__A_Fble_Things,Four stars,£41.46,In stock
Nonfiction,The_Sleep_Revolution_at_a_Time,Four stars,£11.68,In stock
Nonfiction,Mother__Can_You_Not_n_You_Not_,Five stars,£16.89,In stock
Nonfiction,A_Mother_s_Reckoningof_Tragedy,Three stars,£19.53,In stock
Nonfiction,10__Happier__How_I_Tally_Works,Two stars,£24.57,In stock
Nonfiction,Chernobyl_01_23_40__r_Disaster,Two stars,£35.92,In stock
Nonfiction,Zero_to_One__Notes_othe_Future,Three stars,£34.06,In stock
Nonfiction,Why_Not_Me_hy_Not_Me_,One stars,£17.76,In stock
Nonfiction,When_Breath_Becomes_ecomes_Air,Two stars,£39.36,In stock
Nonfiction,The_Midnight_Assassiial_Killer,Four stars,£28.45,In stock
Nonfiction,Smarter_Faster_Betted_Business,Five stars,£38.89,In stock
Nonfiction,Rising_Stronging_Strong,Three stars,£21.82,In stock
Nonfiction,Man_s_Search_for_Meaor_Meaning,Three stars,£29.48,In stock
Nonfiction,Love_That_Boy__What_pectations,Two stars,£25.06,In stock
Nonfiction,Living_Forward__A_Pre_You_Want,Three stars,£12.55,In stock
Nonfiction,I_Will_Find_Youl_Find_You,One stars,£44.21,In stock
Nonfiction,Brazen__The_Courage_een_Hiding,Two stars,£19.22,In stock
Nonfiction,Between_the_World_anrld_and_Me,Four stars,£56.91,In stock
Nonfiction,Being_Mortal__Mediciin_the_End,Four stars,£55.06,In stock
Nonfiction,A_Murder_Over_a_Girlunior_High,Three stars,£13.20,In stock
Nonfiction,For_the_Love__Fighti_Standards,Three stars,£45.13,In stock
Nonfiction,Finding_God_in_the_Rdeems_Pain,Two stars,£46.64,In stock
Nonfiction,The_Man_Who_Mistook_ical_Tales,Four stars,£59.45,In stock
Nonfiction,In_Cold_BloodCold_Blood,Four stars,£49.98,In stock
Nonfiction,Girl__Interruptednterrupted,Three stars,£42.14,In stock
Nonfiction,Why_Save_the_Bankerscal_Crisis,Two stars,£48.67,In stock
Nonfiction,Talking_to_Girls_Aboer_Haircut,Four stars,£25.15,In stock
Nonfiction,My_Mother_Was_Nutsr_Was_Nuts,Four stars,£31.63,In stock
Nonfiction,Data__A_Love_Story__t_My_Match,Three stars,£32.35,In stock
Nonfiction,The_Jazz_of_Physics_e_Universe,Three stars,£38.71,In stock
Nonfiction,The_Gunning_of_Ameriun_Culture,Four stars,£16.81,In stock
Nonfiction,The_Geography_of_Bli_the_World,Two stars,£28.23,In stock
Nonfiction,God_Is_Not_Great__HoEverything,One stars,£27.80,In stock
Nonfiction,We_the_People__The_Mof_America,Three stars,£31.95,In stock
Nonfiction,Very_Good_Lives__Themagination,Three stars,£50.66,In stock
Nonfiction,Unstuffed__Declutter__and_Soul,One stars,£58.09,In stock
Nonfiction,Under_the_Banner_of_lent_Faith,One stars,£30.00,In stock
Nonfiction,Trespassing_Across_A_Heartland,One stars,£53.51,In stock
Nonfiction,The_Name_of_God_is_Md_is_Mercy,Two stars,£37.25,In stock
Nonfiction,Stiff__The_Curious_Ln_Cadavers,Three stars,£36.74,In stock
Nonfiction,Spilled_Milk__Based_True_Story,One stars,£49.51,In stock
Nonfiction,Rise_of_the_Rocket_Gon_to_Mars,Four stars,£41.67,In stock
Nonfiction,Outliers__The_Story_of_Success,One stars,£14.16,In stock
Nonfiction,Notes_from_a_Small_IIsland__1_,One stars,£40.17,In stock
Nonfiction,Night__The_Night_Tririlogy__1_,One stars,£13.51,In stock
Nonfiction,Miracles_from_Heavenof_Healing,One stars,£57.83,In stock
Nonfiction,Letter_to_a_Christiaian_Nation,One stars,£22.20,In stock
Nonfiction,Let_s_Pretend_This_Nrue_Memoir,One stars,£45.11,In stock
Nonfiction,It_s_Never_Too_Late_and_Beyond,One stars,£42.38,In stock
Nonfiction,Into_the_Wildo_the_Wild,Five stars,£56.70,In stock
Nonfiction,In_the_Garden_of_Bear_s_Berlin,Three stars,£28.85,In stock
Nonfiction,I_Am_Malala__The_Girhe_Taliban,Two stars,£28.88,In stock
Nonfiction,GratitudeGratitude,Five stars,£26.66,In stock
Nonfiction,Disrupted__My_Misadv_Up_Bubble,Five stars,£15.28,In stock
Nonfiction,Brave_Enoughave_Enough,Five stars,£51.32,In stock
Nonfiction,Born_to_Run__A_HiddeNever_Seen,Two stars,£27.35,In stock
Nonfiction,Blink__The_Power_of_t_Thinking,Five stars,£21.74,In stock
Nonfiction,Black_Flags__The_Risse_of_ISIS,One stars,£40.87,In stock
Nonfiction,Are_We_Smart_Enough_imals_Are_,One stars,£56.58,In stock
Nonfiction,A_Walk_in_the_Woods_hian_Trail,Four stars,£30.48,In stock
Nonfiction,The_Suffragettes__Lisics___96_,Two stars,£11.89,In stock
Nonfiction,Kindle_Paperwhite_User_s_Guide,Three stars,£34.00,In stock
Nonfiction,H_is_for_Hawks_for_Hawk,Five stars,£57.42,In stock
Nonfiction,Travels_with_Charleyof_America,Five stars,£57.82,In stock
Nonfiction,The_TumorThe_Tumor,Five stars,£41.56,In stock
Nonfiction,The_End_of_the_Jesusgation__1_,One stars,£14.40,In stock
Nonfiction,Eat__Pray__LovePray__Love,Three stars,£51.32,In stock
Music,Rip_it_Up_and_Start_tart_Again,Five stars,£35.02,In stock
Music,Our_Band_Could_Be_Yo_1981_1991,Three stars,£57.25,In stock
Music,How_Music_Worksusic_Works,Two stars,£37.32,In stock
Music,Love_Is_a_Mix_Tape___Music__1_,One stars,£18.03,In stock
Music,Please_Kill_Me__The_ry_of_Punk,Four stars,£31.19,In stock
Music,Kill__Em_and_Leave__rican_Soul,Five stars,£45.05,In stock
Music,Chronicles__Vol__1es__Vol__1,Two stars,£52.60,In stock
Music,This_Is_Your_Brain_o_Obsession,One stars,£38.40,In stock
Music,Orchestra_of_Exiles_zi_Horrors,Three stars,£12.36,In stock
Music,No_One_Here_Gets_Out_Out_Alive,Five stars,£20.02,In stock
Music,LifeLife,Five stars,£31.58,In stock
Music,Old_Records_Never_Did_His_Past,Two stars,£55.66,In stock
Music,Forever_Rockers__Theocker__12_,Three stars,£28.80,In stock
Default,The_Coming_Woman__A_a_Woodhull,Three stars,£17.93,In stock
Default,The_Boys_in_the_Boatn_Olympics,Four stars,£22.60,In stock
Default,Starving_Hearts__Triilogy___1_,Two stars,£13.99,In stock
Default,America_s_Cradle_of_oe_Montana,Three stars,£22.50,In stock
Default,Aladdin_and_His_Wonderful_Lamp,Three stars,£53.13,In stock
Default,Penny_Maybeenny_Maybe,Three stars,£33.29,In stock
Default,Maude__1883_1993__Shhe_country,Two stars,£18.02,In stock
Default,The_Inefficiency_AssNot_Longer,Five stars,£20.59,In stock
Default,Soul_Readeroul_Reader,Two stars,£39.58,In stock
Default,BossypantsBossypants,Two stars,£49.46,In stock
Default,A_World_of_Flavor__Ye_Passport,One stars,£42.95,In stock
Default,A_Piece_of_Sky__a_Greditations,Five stars,£56.76,In stock
Default,Tracing_Numbers_on_aon_a_Train,Three stars,£41.60,In stock
Default,Thirteen_Reasons_Whyeasons_Why,One stars,£52.72,In stock
Default,The_Secret__The_SecrSecret__1_,Four stars,£27.37,In stock
Default,The_Psychopath_Test_s_Industry,Two stars,£36.00,In stock
Default,The_Kite_Runnerite_Runner,Four stars,£41.82,In stock
Default,The_Girl_on_the_Trai_the_Train,Two stars,£55.02,In stock
Default,The_Emerald_Mysteryld_Mystery,Two stars,£23.15,In stock
Default,The_Bridge_to_Consciw_Beliefs_,Three stars,£32.00,In stock
Default,The_Art_of_WarArt_of_War,Five stars,£33.34,In stock
Default,Secrets_and_Lace__FaHearts__1_,One stars,£20.27,In stock
Default,Romero_and_Juliet__And_Zombies,One stars,£36.94,In stock
Default,Poses_for_Artists_VoHuman_Form,One stars,£41.06,In stock
Default,Miss_Peregrineâ__s_Hildren__1_,One stars,£10.76,In stock
Default,Large_Print_Heart_of_the_Pride,Two stars,£19.15,In stock
Default,GrumblesGrumbles,Two stars,£22.16,In stock
Default,First_Steps_for_New_t_Edition_,One stars,£29.00,In stock
Default,Eureka_Trivia_6_0Trivia_6_0,Four stars,£54.59,In stock
Default,Drive__The_Surprisintivates_Us,Four stars,£34.95,In stock
Default,Done_Rubbed_Out__ReiBailey__1_,Five stars,£37.72,In stock
Default,Beauty_Restored__Rilvellas__3_,Two stars,£11.11,In stock
Default,Ayumi_s_Violini_s_Violin,Two stars,£15.48,In stock
Default,AnonymousAnonymous,Four stars,£46.82,In stock
Default,Amy_Meets_the_Saints_and_Sages,Three stars,£18.46,In stock
Default,AmatusAmatus,Five stars,£50.54,In stock
Default,V_for_Vendetta__V_fo_Complete_,Four stars,£37.10,In stock
Default,Unbroken__A_World_WaRedemption,Two stars,£45.95,In stock
Default,The_Wright_Brotherst_Brothers,Four stars,£56.80,In stock
Default,The_Songs_of_the_Godf_the_Gods,Five stars,£44.48,In stock
Default,The_Rosie_Project__Dillman__1_,One stars,£54.04,In stock
Default,The_Power_of_Habit__d_Business,Three stars,£16.88,In stock
Default,Steve_JobsSteve_Jobs,Five stars,£39.50,In stock
Default,Luckiest_Girl_AliveGirl_Alive,Three stars,£49.83,In stock
Default,Living_Leadership_by_Monuments,Four stars,£46.91,In stock
Default,Lady_Midnight__The_Difices__1_,Five stars,£16.28,In stock
Default,Hush__Hush__Hush__Hu__Hush__1_,Three stars,£47.02,In stock
Default,Greek_Mythic_Historyic_History,Five stars,£10.23,In stock
Default,Every_Last_Word_Last_Word,Three stars,£46.47,In stock
Default,Daily_Fantasy_Sportsasy_Sports,One stars,£36.58,In stock
Default,Clockwork_Angel__Theevices__1_,One stars,£44.14,In stock
Default,City_of_Fallen_Angeluments__4_,Four stars,£11.23,In stock
Default,City_of_Bones__The_Muments__1_,One stars,£43.28,In stock
Default,City_of_Ashes__The_Muments__2_,One stars,£47.27,In stock
Default,Carry_On__Warrior__Tfe_Unarmed,Three stars,£31.85,In stock
Default,CarrieCarrie,Two stars,£46.23,In stock
Default,Angels___Demons__Robangdon__1_,Three stars,£51.48,In stock
Default,The_Three_Searches___the_Story,Three stars,£13.33,In stock
Default,Raspberry_Pi_Electrovil_Genius,Four stars,£49.67,In stock
Default,How_to_Speak_Golf__Ainks_Lingo,Five stars,£58.32,In stock
Default,Eleanor___Parknor___Park,Five stars,£56.51,In stock
Default,Troublemaker__Survivcientology,Two stars,£48.39,In stock
Default,AdulteryAdultery,Five stars,£20.88,In stock
Default,Unlimited_Intuition_uition_Now,Four stars,£58.87,In stock
Default,Underlying_Notesying_Notes,Two stars,£11.82,In stock
Default,The_New_Brand_You__Yle_for_You,Five stars,£44.05,In stock
Default,The_Flowers_Liedowers_Lied,Two stars,£16.68,In stock
Default,NaNo_What_Now__Findiand_beyond,Four stars,£10.41,In stock
Default,Modern_Day_FablesDay_Fables,Two stars,£47.44,In stock
Default,The_Unlikely_Pilgrimld_Fry__1_,Five stars,£43.62,In stock
Default,The_Martian__The_Marartian__1_,Two stars,£41.39,In stock
Default,Left_Behind__Left_BeBehind__1_,Two stars,£40.72,In stock
Default,John_Vassos__Industrodern_Life,Four stars,£20.22,In stock
Default,I_ll_Give_You_the_Suou_the_Sun,One stars,£56.48,In stock
Default,Heaven_is_for_Real__n_and_Back,Two stars,£52.86,In stock
Default,Ender_s_Game__The_Enuintet__1_,One stars,£43.64,In stock
Default,Death_by_Leisure__A_onary_Tale,Four stars,£37.51,In stock
Default,Wildlife_of_New_Yorkoring_Book,Two stars,£22.14,In stock
Default,The_Year_of_Living_Bs_Possible,One stars,£34.72,In stock
Default,The_Great_Gatsbyeat_Gatsby,Four stars,£36.05,In stock
Default,The_Good_Girl_Good_Girl,Three stars,£49.03,In stock
Default,The_7_Habits_of_Highnal_Change,Four stars,£33.17,In stock
Default,Steal_Like_an_Artistg_Creative,Two stars,£20.90,In stock
Default,Life_of_PiLife_of_Pi,Four stars,£13.22,In stock
Default,The_Sound_Of_Lovend_Of_Love,Five stars,£57.84,In stock
Default,The_Perks_of_Being_aWallflower,Three stars,£55.02,In stock
Default,The_Makings_of_a_Fatless_Child,Two stars,£31.58,In stock
Default,The_Hobbit__Middle_E_Universe_,Five stars,£17.80,In stock
Default,The_Fellowship_of_th_Rings__1_,Two stars,£10.27,In stock
Default,Ship_Leaves_Harbor__Journeyman,Three stars,£30.60,In stock
Default,Musicophilia__Tales__the_Brain,One stars,£46.58,In stock
Default,What_If___Serious_Sc_Questions,Four stars,£53.68,In stock
Default,The_Fault_in_Our_Sta_Our_Stars,One stars,£47.22,In stock
Default,The_Dream_Thieves__T_Cycle__2_,One stars,£34.50,In stock
Default,The_5th_Wave__The_5th_Wave__1_,Two stars,£11.83,In stock
Default,Shiver__The_Wolves_o_Falls__1_,Five stars,£16.23,In stock
Default,Remember_Me_member_Me_,Three stars,£11.48,In stock
Default,If_I_Stay__If_I_StayI_Stay__1_,Five stars,£38.13,In stock
Default,I_Know_Why_the_Cagedgraphy__1_,Two stars,£36.55,In stock
Default,Harry_Potter_and_thePotter__7_,One stars,£23.32,In stock
Default,Fool_Me_Onceol_Me_Once,One stars,£16.96,In stock
Default,DramaDrama,Two stars,£38.70,In stock
Default,Blue_Lily__Lily_Blue_Cycle__3_,Five stars,£34.13,In stock
Default,Alight__The_Generatirilogy__2_,Four stars,£58.59,In stock
Default,Vogue_Colors_A_to_Z_oring_Book,Four stars,£52.35,In stock
Default,The_Shining__The_Shihining__1_,Three stars,£27.88,In stock
Default,The_Hunger_Games__Th_Games__1_,Five stars,£29.85,In stock
Default,Outlander__Outlanderlander__1_,Five stars,£19.67,In stock
Default,Mockingjay__The_Hung_Games__3_,Four stars,£20.44,In stock
Default,Harry_Potter_and_thePotter__1_,Three stars,£13.90,In stock
Default,Confessions_of_a_Shoaholic__1_,Two stars,£48.94,In stock
Default,Zero_History__Blue_Aue_Ant__3_,One stars,£34.77,In stock
Default,World_War_Z__An_OralZombie_War,One stars,£21.80,In stock
Default,Wild__From_Lost_to_Frest_Trail,Three stars,£46.02,In stock
Default,Where_d_You_Go__BernBernadette,One stars,£18.13,In stock
Default,Twilight__Twilight__ilight__1_,Two stars,£41.93,In stock
Default,The_Paris_WifeParis_Wife,Three stars,£36.80,In stock
Default,The_Maze_Runner__TheRunner__1_,One stars,£20.93,In stock
Default,The_Lover_s_DictionaDictionary,Two stars,£58.09,In stock
Default,The_Goldfinch_Goldfinch,Three stars,£43.58,In stock
Default,The_Giver__The_Giveruartet__1_,One stars,£12.30,In stock
Default,The_Girl_Who_Played_rilogy__2_,Two stars,£22.14,In stock
Default,The_Demon_Haunted_Won_the_Dark,Four stars,£52.25,In stock
Default,The_Book_ThiefBook_Thief,Two stars,£53.49,In stock
Default,The_Autobiography_of_Malcolm_X,Two stars,£23.43,In stock
Default,Shopaholic___Baby__Saholic__5_,Two stars,£46.45,In stock
Default,Quiet__The_Power_of_op_Talking,One stars,£43.55,In stock
Default,Packing_for_Mars__Thn_the_Void,Two stars,£56.68,In stock
Default,Orange_Is_the_New_Bl_New_Black,Two stars,£24.61,In stock
Default,One_for_the_Money__Se_Plum__1_,Two stars,£32.87,In stock
Default,Morning_Star__Red_RiRising__3_,One stars,£29.40,In stock
Default,Life_After_LifeAfter_Life,Two stars,£26.13,In stock
Default,Lean_In__Women__Workll_to_Lead,One stars,£25.02,In stock
Default,Is_Everyone_Hanging__Concerns_,Three stars,£20.11,In stock
Default,Gone_GirlGone_Girl,Five stars,£37.60,In stock
Default,FellsideFellside,One stars,£38.62,In stock
Default,Eclipse__Twilight__3ilight__3_,One stars,£18.74,In stock
Default,DraculaDracula,Three stars,£52.62,In stock
Default,Dead_Wake__The_Last__Lusitania,Five stars,£39.24,In stock
Default,David_and_Goliath__Uing_Giants,One stars,£17.81,In stock
Science Fiction,Mesaerion__The_Best__1800_1849,One stars,£37.59,In stock
Science Fiction,JoinJoin,Five stars,£35.67,In stock
Science Fiction,William_Shakespeare_r_Wars__4_,Four stars,£43.30,In stock
Science Fiction,The_Projecthe_Project,One stars,£10.65,In stock
Science Fiction,Soft_ApocalypseApocalypse,Two stars,£26.12,In stock
Science Fiction,Sleeping_Giants__The_Files__1_,One stars,£48.74,In stock
Science Fiction,ArenaArena,Four stars,£21.36,In stock
Science Fiction,Foundation__FoundatiOrder___1_,One stars,£32.42,In stock
Science Fiction,The_Restaurant_at_thGalaxy__2_,One stars,£10.92,In stock
Science Fiction,Ready_Player_OnePlayer_One,Four stars,£19.07,In stock
Science Fiction,Life__the_Universe_aGalaxy__3_,Two stars,£33.26,In stock
Science Fiction,Dune__Dune__1___Dune__1_,One stars,£54.86,In stock
Science Fiction,Do_Androids_Dream_ofRunner__1_,One stars,£51.48,In stock
Science Fiction,Three_Wishes__River_fornia__1_,Two stars,£44.18,In stock
Science Fiction,The_Last_Girl__The_Drilogy__1_,Two stars,£36.26,In stock
Science Fiction,Having_the_Barbarianians__7_5_,Four stars,£34.96,In stock
Sports and Games,The_Book_of_BasketbaSports_Guy,Five stars,£44.84,In stock
Sports and Games,Friday_Night_Lights_nd_a_Dream,Three stars,£51.22,In stock
Sports and Games,Sugar_Rush__Offensive_Line__2_,One stars,£24.42,In stock
Sports and Games,Settling_the_Score___Games__1_,Two stars,£44.91,In stock
Sports and Games,Icing__Aces_Hockey__Hockey__2_,Four stars,£40.44,In stock
Add a comment,The_Torch_Is_Passed_mily_Story,One stars,£19.09,In stock
Add a comment,The_Mindfulness_and_nt_Therapy,Four stars,£23.89,In stock
Add a comment,The_Art_ForgerArt_Forger,Three stars,£40.76,In stock
Add a comment,On_a_Midnight_Clearight_Clear,Three stars,£14.07,In stock
Add a comment,Judo__Seven_Steps_toBeginners_,Two stars,£53.90,In stock
Add a comment,Shobu_Samurai__Projeryoku___3_,Three stars,£29.06,In stock
Add a comment,Modern_Romancern_Romance,Five stars,£28.26,In stock
Add a comment,The_White_Queen__Thes__War__1_,Five stars,£25.91,In stock
Add a comment,The_Song_of_Achillesf_Achilles,Five stars,£37.40,In stock
Add a comment,The_Immortal_Life_ofetta_Lacks,Two stars,£40.67,In stock
Add a comment,The_Dovekeepersovekeepers,One stars,£48.78,In stock
Add a comment,More_Than_Music__Cha_Dream__1_,Two stars,£37.61,In stock
Add a comment,Code_Name_Verity__CoVerity__1_,Four stars,£22.13,In stock
Add a comment,CellCell,Four stars,£20.29,In stock
Add a comment,Angels_Walking__Angealking__1_,Two stars,£34.20,In stock
Add a comment,A_Series_of_Catastroand_Cancer,Two stars,£56.48,In stock
Add a comment,A_People_s_History_oted_States,Two stars,£40.79,In stock
Add a comment,A_Brush_of_Wings__Analking__3_,One stars,£55.51,In stock
Add a comment,RookRook,Four stars,£37.86,In stock
Add a comment,The_Midnight_Watch__alifornian,One stars,£26.20,In stock
Add a comment,The_Gray_Rhino__How__We_Ignore,Four stars,£59.15,In stock
Add a comment,The_Childrene_Children,Three stars,£11.88,In stock
Add a comment,One_with_You__Crossfssfire__5_,Four stars,£15.71,In stock
Add a comment,Without_Shamehout_Shame,Five stars,£48.27,In stock
Add a comment,WatchmenWatchmen,Four stars,£58.05,In stock
Add a comment,A_Hero_s_Curse__The_nicles__1_,Three stars,£50.49,In stock
Add a comment,23_Degrees_South__A_Whether___,Two stars,£35.79,In stock
Add a comment,The_Glass_Castleass_Castle,One stars,£16.24,In stock
Add a comment,The_Drowning_Girlsning_Girls,Three stars,£35.67,In stock
Add a comment,Team_of_Rivals__The_am_Lincoln,Five stars,£20.12,In stock
Add a comment,John_AdamsJohn_Adams,Four stars,£57.43,In stock
Add a comment,Good_in_Bed__Cannie_hapiro__1_,Five stars,£37.05,In stock
Add a comment,The_Joy_of_Cookingof_Cooking,Four stars,£43.27,In stock
Add a comment,The_Golden_Compass__erials__1_,One stars,£18.77,In stock
Add a comment,The_God_Delusiond_Delusion,Three stars,£46.85,In stock
Add a comment,Pride_and_Prejudice_Prejudice,Four stars,£19.27,In stock
Add a comment,Mere_Christianityristianity,Three stars,£48.51,In stock
Add a comment,Fun_Home__A_Family_TTragicomic,Four stars,£56.59,In stock
Add a comment,The_Raven_King__The__Cycle__4_,Two stars,£30.57,In stock
Add a comment,Find_Her__Detective_Warren__8_,One stars,£22.37,In stock
Add a comment,Evicted__Poverty_andrican_City,One stars,£42.27,In stock
Add a comment,A_Game_of_Thrones__Ad_Fire__1_,Two stars,£46.42,In stock
Add a comment,A_Clash_of_Kings__A_d_Fire__2_,Three stars,£10.79,In stock
Add a comment,The_Tipping_Point__HDifference,Two stars,£10.02,In stock
Add a comment,The_Rest_Is_Noise__Lth_Century,One stars,£34.77,In stock
Add a comment,The_Purpose_Driven_L_Here_for_,Three stars,£37.19,In stock
Add a comment,The_Hitchhiker_s_GuiGalaxy__1_,Three stars,£47.80,In stock
Add a comment,The_Girl_Who_Kicked_rilogy__3_,One stars,£57.48,In stock
Add a comment,The_End_of_Faith__Re_of_Reason,Four stars,£22.13,In stock
Add a comment,The_Complete_Poemslete_Poems,Five stars,£41.32,In stock
Add a comment,The_Catcher_in_the_Rin_the_Rye,One stars,£24.55,In stock
Add a comment,The_Case_for_Christ_istianity_,One stars,£47.84,In stock
Add a comment,The_Blind_Side__Evol_of_a_Game,Five stars,£53.71,In stock
Add a comment,Seven_Days_in_the_Ar_Art_World,Two stars,£52.33,In stock
Add a comment,Sarah_s_Keyarah_s_Key,One stars,£46.29,In stock
Add a comment,Rogue_Lawyer__Rogue_Lawyer__1_,Three stars,£50.11,In stock
Add a comment,Manuscript_Found_in_d_in_Accra,Two stars,£34.98,In stock
Add a comment,Fire_Bound__Sea_Have_Heart__5_,Four stars,£21.28,In stock
Add a comment,CosmosCosmos,Two stars,£36.17,In stock
Add a comment,_GIRLBOSS_GIRLBOSS,One stars,£50.96,In stock
Add a comment,The_Sense_of_an_Endi_an_Ending,Three stars,£31.38,In stock
Add a comment,The_Republice_Republic,Three stars,£33.78,In stock
Add a comment,The_Odysseyhe_Odyssey,Three stars,£29.64,In stock
Add a comment,The_Light_of_the_Fir_Fireflies,One stars,£54.43,In stock
Add a comment,The_IliadThe_Iliad,One stars,£16.16,In stock
Add a comment,The_Communist_Manife_Manifesto,Three stars,£14.76,In stock
Add a comment,Lord_of_the_Flies_the_Flies,Three stars,£24.89,In stock
Fantasy,Unicorn_Tracksorn_Tracks,Three stars,£18.78,In stock
Fantasy,Saga__Volume_6__Sagations___6_,Three stars,£25.02,In stock
Fantasy,Princess_Between_Worincess__5_,Five stars,£13.34,In stock
Fantasy,Masks_and_Shadowsnd_Shadows,Two stars,£56.40,In stock
Fantasy,Crown_of_Midnight__T_Glass__2_,Three stars,£43.29,In stock
Fantasy,Avatar__The_Last_AirShadow__3_,Two stars,£28.09,In stock
Fantasy,A_Court_of_Thorns_an_Roses__1_,One stars,£52.37,In stock
Fantasy,Throne_of_Glass__Thr_Glass__1_,Three stars,£35.07,In stock
Fantasy,The_Glittering_Court_Court__1_,One stars,£44.28,In stock
Fantasy,Hollow_City__Miss_Peildren__2_,One stars,£42.98,In stock
Fantasy,The_Star_Touched_Queched_Queen,Five stars,£46.02,In stock
Fantasy,The_Hidden_Oracle__TApollo__1_,Two stars,£52.26,In stock
Fantasy,The_Bane_Chronicles_les__1_11_,Four stars,£44.73,In stock
Fantasy,Island_of_Dragons__Uanteds__7_,One stars,£29.65,In stock
Fantasy,Demigods___Magiciansover__1_3_,Five stars,£37.51,In stock
Fantasy,City_of_Glass__The_Muments__3_,Four stars,£56.02,In stock
Fantasy,Searching_for_Meaninin_Gailana,One stars,£38.73,In stock
Fantasy,The_Star_Touched_Queched_Queen,Five stars,£32.30,In stock
Fantasy,A_Shard_of_Ice__The_y_Saga__1_,Three stars,£56.63,In stock
Fantasy,King_s_Folly__The_Kinicles__1_,Five stars,£39.61,In stock
Fantasy,Every_Heart_a_Doorwaoorway__1_,Five stars,£12.16,In stock
Fantasy,A_Gathering_of_Shado_Magic__2_,Four stars,£44.81,In stock
Fantasy,The_Raven_Boys__The__Cycle__1_,Four stars,£57.74,In stock
Fantasy,The_False_Prince__Thrilogy__1_,Five stars,£56.00,In stock
Fantasy,Tell_the_Wind_and_Fid_and_Fire,Three stars,£45.51,In stock
Fantasy,A_Feast_for_Crows__Ad_Fire__4_,Four stars,£17.21,In stock
Fantasy,The_Demonists__Demonmonist__1_,Two stars,£52.11,In stock
Fantasy,The_Beast__Black_Dagrhood__14_,Five stars,£46.08,In stock
Fantasy,Paper_and_Fire__The_ibrary__2_,Five stars,£49.45,In stock
Fantasy,Harry_Potter_and_thePotter__5_,Four stars,£31.63,In stock
Fantasy,Harry_Potter_and_thePotter__6_,Five stars,£48.75,In stock
Fantasy,Harry_Potter_and_thePotter__2_,One stars,£14.74,In stock
Fantasy,The_Rose___the_Daggee_Dawn__2_,Four stars,£58.64,In stock
Fantasy,Soldier__Talon__3__Talon__3_,Two stars,£24.72,In stock
Fantasy,Midnight_Riot__Peter_books__1_,Two stars,£55.46,In stock
Fantasy,Heir_to_the_Skyto_the_Sky,Four stars,£44.07,In stock
Fantasy,Eragon__The_Inherita_Cycle__1_,Three stars,£43.87,In stock
Fantasy,Darkfever__Fever__1__Fever__1_,One stars,£56.02,In stock
Fantasy,AshAsh,Four stars,£22.06,In stock
Fantasy,A_Storm_of_Swords__Ad_Fire__3_,Two stars,£31.22,In stock
Fantasy,Vampire_Girl__Vampire_Girl__1_,Two stars,£53.82,In stock
Fantasy,The_Silent_Twin__DetKnight__3_,Three stars,£36.25,In stock
Fantasy,The_Mirror___the_MazDawn__1_5_,One stars,£29.38,In stock
Fantasy,Sister_Sable__The_Ma_Queen__1_,Three stars,£13.33,In stock
Fantasy,Shadow_Rites__Jane_Ywrock__10_,Four stars,£21.72,In stock
Fantasy,Origins__Alphas_0_5_lphas_0_5_,One stars,£28.99,In stock
Fantasy,One_Second__Seven__7_Seven__7_,Two stars,£52.94,In stock
Fantasy,Myriad__Prentor__1_rentor__1_,Four stars,£58.75,In stock
New Adult,Without_Borders__Wanerlove__1_,Two stars,£45.07,In stock
New Adult,The_Mistake__Off_CamCampus__2_,Three stars,£43.29,In stock
New Adult,The_Matchmaker_s_Plan_Inc___1_,One stars,£55.85,In stock
New Adult,The_Hook_Up__Game_Oname_On__1_,Five stars,£36.29,In stock
New Adult,ShamelessShameless,Three stars,£58.35,In stock
New Adult,Off_Sides__Off__1_s__Off__1_,Five stars,£39.45,In stock
Young Adult,The_Requiem_Redequiem_Red,One stars,£22.65,In stock
Young Adult,Set_Me_Freeet_Me_Free,Five stars,£17.46,In stock
Young Adult,The_Natural_History_ending__2_,Three stars,£45.22,In stock
Young Adult,Obsidian__Lux__1_n__Lux__1_,Two stars,£14.86,In stock
Young Adult,BurningBurning,Three stars,£28.81,In stock
Young Adult,A_Fierce_and_Subtle_tle_Poison,Four stars,£28.13,In stock
Young Adult,Scarlett_Epstein_Hates_It_Here,Five stars,£43.55,In stock
Young Adult,Nightingale__Singgale__Sing,One stars,£38.28,In stock
Young Adult,Library_of_Souls__Miildren__3_,Five stars,£48.56,In stock
Young Adult,Frostbite__Vampire_Academy__2_,Five stars,£29.99,In stock
Young Adult,Wild_SwansWild_Swans,Two stars,£14.36,In stock
Young Adult,Until_Friday_Night___Party__1_,Two stars,£46.31,In stock
Young Adult,This_Is_Where_It_Endre_It_Ends,Two stars,£27.12,In stock
Young Adult,The_Darkest_Liearkest_Lie,Five stars,£35.35,In stock
Young Adult,My_Kind_of_Crazyd_of_Crazy,One stars,£40.36,In stock
Young Adult,Don_t_Get_CaughtGet_Caught,One stars,£55.35,In stock
Young Adult,Catching_Jordan__Hundred_Oaks_,Three stars,£50.83,In stock
Young Adult,Aristotle_and_Dante_iverse__1_,Four stars,£58.14,In stock
Young Adult,The_Epidemic__The_Program_0_6_,Five stars,£14.44,In stock
Young Adult,Stars_Above__The_Luncles__4_5_,Two stars,£48.05,In stock
Young Adult,No_Love_Allowed__Dode_Cove__1_,Four stars,£54.65,In stock
Young Adult,Exit__Pursued_by_a_B_by_a_Bear,Four stars,£51.34,In stock
Young Adult,The_Alien_ClubAlien_Club,One stars,£54.40,In stock
Young Adult,Don_t_Forget_Stevenget_Steven,One stars,£33.23,In stock
Young Adult,South_of_Sunshinef_Sunshine,One stars,£28.93,In stock
Young Adult,My_Life_Next_Door__Mext_Door__,Five stars,£36.39,In stock
Young Adult,Future_Shock__Future_Shock__1_,Five stars,£55.65,In stock
Young Adult,Nightstruck__A_Novelk__A_Novel,Four stars,£50.35,In stock
Young Adult,Tell_the_Wolves_I_m_s_I_m_Home,Two stars,£50.96,In stock
Young Adult,Will_Grayson__Will_Gl_Grayson_,Four stars,£47.31,In stock
Young Adult,Where_She_Went__If_II_Stay__2_,Four stars,£41.73,In stock
Young Adult,Two_Summerswo_Summers,One stars,£14.64,In stock
Young Adult,The_Darkest_Cornersst_Corners,Five stars,£11.33,In stock
Young Adult,Tell_Me_Three_Thingsree_Things,One stars,£41.81,In stock
Young Adult,Lola_and_the_Boy_Nexh_Kiss__2_,Four stars,£23.63,In stock
Young Adult,Kill_the_Boy_Bande_Boy_Band,Five stars,£15.52,In stock
Young Adult,Isla_and_the_Happilyh_Kiss__3_,Five stars,£48.13,In stock
Young Adult,An_Abundance_of_KathKatherines,Five stars,£10.00,In stock
Young Adult,Harry_Potter_and_thePotter__3_,Four stars,£24.17,In stock
Young Adult,Walk_the_Edge__Thundr_Road__2_,Three stars,£32.36,In stock
Young Adult,Two_Boys_Kissingys_Kissing,Two stars,£32.74,In stock
Young Adult,The_New_Guy__and_Othtractions_,Three stars,£44.92,In stock
Young Adult,The_Land_of_10_000_M0_Madonnas,Four stars,£29.64,In stock
Young Adult,Scarlet__The_Lunar_Cnicles__2_,Four stars,£14.57,In stock
Young Adult,Legend__Legend__1_Legend__1_,Four stars,£43.69,In stock
Young Adult,Lady_Renegades__Rebe_Belle__3_,Five stars,£53.04,In stock
Young Adult,Golden__Heart_of_Dre_Dread__3_,Four stars,£42.21,In stock
Young Adult,Cinder__The_Lunar_Chnicles__1_,One stars,£26.09,In stock
Young Adult,Boy_Meets_Boy_Meets_Boy,Three stars,£21.12,In stock
Young Adult,Annie_on_My_Mindon_My_Mind,Five stars,£36.83,In stock
Young Adult,New_Moon__Twilight__ilight__2_,Four stars,£12.86,In stock
Young Adult,Girl_Online_On_Tour_Online__2_,One stars,£53.47,In stock
Young Adult,The_HatersThe_Haters,Five stars,£27.89,In stock
Young Adult,The_Art_of_Not_Breat_Breathing,Four stars,£40.83,In stock
Science,The_Most_Perfect_ThiBird_s_Egg,Four stars,£42.96,In stock
Science,Immunity__How_Elie_Mn_Medicine,Five stars,£57.36,In stock
Science,Sorting_the_Beef_fro_Forensics,Four stars,£44.74,In stock
Science,Tipping_Point_for_Pl_the_Edge_,One stars,£37.55,In stock
Science,The_Fabric_of_the_Coof_Reality,One stars,£55.91,In stock
Science,Diary_of_a_Citizen_S_the_World,One stars,£28.41,In stock
Science,The_Origin_of_Specieof_Species,Four stars,£10.01,In stock
Science,The_Grand_Designand_Design,Three stars,£13.76,In stock
Science,Peak__Secrets_from_t_Expertise,Two stars,£16.28,In stock
Science,The_Elegant_Universeate_Theory,Four stars,£13.03,In stock
Science,The_Disappearing_Spoe_Elements,Five stars,£57.35,In stock
Science,Surely_You_re_Joking_Character,Two stars,£25.83,In stock
Science,Seven_Brief_Lessons_on_Physics,Four stars,£30.60,In stock
Science,The_Selfish_Genelfish_Gene,One stars,£29.45,In stock
Poetry,A_Light_in_the_Attic_the_Attic,Three stars,£51.77,In stock
Poetry,The_Black_Marialack_Maria,One stars,£52.15,In stock
Poetry,Shakespeare_s_Sonnet_s_Sonnets,Four stars,£20.66,In stock
Poetry,OlioOlio,One stars,£23.88,In stock
Poetry,You_can_t_bury_them_all__Poems,Two stars,£33.63,In stock
Poetry,Slow_States_of_Collapse__Poems,Three stars,£57.31,In stock
Poetry,Untitled_Collection_Poems_2014,Four stars,£14.27,In stock
Poetry,Poems_That_Make_Grow_Women_Cry,Four stars,£14.19,In stock
Poetry,Night_Sky_with_Exit_xit_Wounds,One stars,£41.05,In stock
Poetry,salt_salt_,Four stars,£46.78,In stock
Poetry,Quarter_Life_Poetry_and_Hangry,Five stars,£50.89,In stock
Poetry,Out_of_Print__City_Lght_No__14,Five stars,£53.64,In stock
Poetry,Les_Fleurs_du_Malurs_du_Mal,Five stars,£29.04,In stock
Poetry,Howl_and_Other_Poemsther_Poems,Two stars,£40.45,In stock
Poetry,Leave_This_Song_Behit_Its_Best,Five stars,£51.17,In stock
Poetry,The_Collected_Poems__Yeats__1_,Five stars,£15.42,In stock
Poetry,The_Crossover_Crossover,Four stars,£38.77,In stock
Poetry,BookedBooked,Five stars,£17.49,In stock
Poetry,Twenty_Love_Poems_anof_Despair,Four stars,£30.95,In stock
Paranormal,Vampire_Knight__Vol_Knight__1_,One stars,£15.40,In stock
Art,Wall_and_Piece_and_Piece,Four stars,£44.18,In stock
Art,Feathers__Displays_ont_Plumage,Three stars,£49.05,In stock
Art,Art_and_Fear__Observ_Artmaking,Four stars,£48.63,In stock
Art,The_New_Drawing_on_t_the_Brain,Three stars,£43.02,In stock
Art,History_of_Beauty_of_Beauty,Four stars,£10.29,In stock
Art,The_Story_of_Artory_of_Art,Four stars,£41.14,In stock
Art,The_Art_Booke_Art_Book,Two stars,£32.34,In stock
Art,Ways_of_Seeing_of_Seeing,Five stars,£39.51,In stock
Psychology,The_Lucifer_Effect___Turn_Evil,One stars,£10.40,In stock
Psychology,The_Golden_Condom__A_and_Found,One stars,£39.43,In stock
Psychology,It_Didn_t_Start_with_the_Cycle,Three stars,£56.27,In stock
Psychology,An_Unquiet_Mind__A_Mnd_Madness,Three stars,£21.30,In stock
Psychology,Thinking__Fast_and_St_and_Slow,One stars,£21.14,In stock
Psychology,Civilization_and_Itsiscontents,Two stars,£59.95,In stock
Psychology,8_Keys_to_Mental_Heah_Exercise,One stars,£31.04,In stock
Autobiography,The_Argonauts_Argonauts,Two stars,£10.93,In stock
Autobiography,M_TrainM_Train,One stars,£27.18,In stock
Autobiography,Lab_GirlLab_Girl,One stars,£40.85,In stock
Autobiography,Approval_Junkie__Advg_Too_Much,Five stars,£58.81,In stock
Autobiography,Running_with_Scissorh_Scissors,Four stars,£12.91,In stock
Autobiography,Me_Talk_Pretty_One_Dty_One_Day,Two stars,£57.60,In stock
Autobiography,Lust___Wondert___Wonder,Two stars,£11.87,In stock
Autobiography,Life_Without_a_Recipt_a_Recipe,Five stars,£59.04,In stock
Autobiography,A_Heartbreaking_Working_Genius,Five stars,£54.29,In stock
Parenting,Catastrophic_Happineessy_Years,Two stars,£37.35,In stock
Adult Fiction,Fifty_Shades_Freed__Shades__3_,Five stars,£15.36,In stock
Humor,The_Long_Haul__Diarypy_Kid__9_,One stars,£44.07,In stock
Humor,Old_School__Diary_ofy_Kid__10_,Five stars,£11.83,In stock
Humor,I_Know_What_I_m_Doinnstruction,Four stars,£25.98,In stock
Humor,Hyperbole_and_a_Halft_Happened,Five stars,£14.75,In stock
Humor,Dress_Your_Family_in_and_Denim,Three stars,£43.68,In stock
Humor,Toddlers_Are_A__holeYour_Fault,One stars,£25.55,In stock
Humor,When_You_Are_Engulfe_in_Flames,Five stars,£30.89,In stock
Humor,NakedNaked,Three stars,£31.69,In stock
Humor,Lamb__The_Gospel_Accldhood_Pal,Five stars,£55.50,In stock
Humor,Holidays_on_Iceays_on_Ice,Two stars,£51.07,In stock
Horror,SecuritySecurity,Two stars,£39.25,In stock
Horror,Follow_You_Homew_You_Home,One stars,£21.36,In stock
Horror,The_LoneyThe_Loney,One stars,£23.40,In stock
Horror,Pet_Semataryt_Sematary,Three stars,£10.56,In stock
Horror,Doctor_Sleep__The_Shhining__2_,Two stars,£40.12,In stock
Horror,Psycho__Sanitarium__ycho__1_5_,Five stars,£36.97,In stock
Horror,Can_You_Keep_a_Secrelaunch__4_,One stars,£48.64,In stock
Horror,Red_Dragon__HannibalLecter__1_,Three stars,£23.37,In stock
Horror,Dracula_the_Un_Deadhe_Un_Dead,Five stars,£35.63,In stock
Horror,Night_Shift__Night_Sift__1_20_,Four stars,£12.75,In stock
Horror,Needful_Thingsful_Things,Four stars,£47.51,In stock
Horror,MiseryMisery,Two stars,£34.79,In stock
Horror,ItIt,Three stars,£25.01,In stock
Horror,_Salem_s_Lotalem_s_Lot,Four stars,£49.56,In stock
Horror,The_StandThe_Stand,Two stars,£57.86,In stock
Horror,The_Girl_with_All_th_the_Gifts,Three stars,£49.47,In stock
Horror,House_of_Leaves_of_Leaves,One stars,£54.89,In stock
