Name_of_the_book,Rating,Price,Availabilty
Tipping_the_Velvetthe_Velvet,One stars,£53.74,In stock
Forever_and_Forever_y_Appleton,Three stars,£29.69,In stock
A_Flight_of_Arrows__inders__2_,Five stars,£55.53,In stock
The_House_by_the_Laky_the_Lake,One stars,£36.95,In stock
Mrs__Houdinis__Houdini,Five stars,£30.25,In stock
The_Marriage_of_Oppo_Opposites,Four stars,£28.08,In stock
Glory_over_Everythinchen_House,Three stars,£45.84,In stock
Love__Lies_and_Spies_and_Spies,Two stars,£20.55,In stock
A_Paris_Apartment_Apartment,Four stars,£39.01,In stock
Lilac_Girlsilac_Girls,Two stars,£17.28,In stock
The_Constant_Princes_Court__1_,Three stars,£16.62,In stock
The_Invention_of_Winn_of_Wings,One stars,£37.34,In stock
World_Without_End__T_Earth__2_,Four stars,£32.97,In stock
The_Passion_of_Dolss_of_Dolssa,Five stars,£28.32,In stock
Girl_With_a_Pearl_Earl_Earring,One stars,£26.77,In stock
Voyager__Outlander__lander__3_,Five stars,£21.07,In stock
The_Red_Tente_Red_Tent,Five stars,£35.66,In stock
The_Last_Painting_ofara_de_Vos,Two stars,£55.55,In stock
The_Guernsey_Literarie_Society,One stars,£49.53,In stock
Girl_in_the_Blue_Coa_Blue_Coat,Two stars,£46.83,In stock
Between_Shades_of_Gres_of_Gray,Five stars,£20.79,In stock
While_You_Were_Mine_Were_Mine,Five stars,£41.32,In stock
The_Secret_Healerret_Healer,Three stars,£34.56,In stock
StarlarkStarlark,Three stars,£25.83,In stock
Lost_Among_the_Livinthe_Living,Four stars,£27.70,In stock
A_Spy_s_Devotion__ThLondon__1_,Five stars,£16.97,In stock
