Name_of_the_book,Rating,Price,Availabilty
SecuritySecurity,Two stars,£39.25,In stock
Follow_You_Homew_You_Home,One stars,£21.36,In stock
The_LoneyThe_Loney,One stars,£23.40,In stock
Pet_Semataryt_Sematary,Three stars,£10.56,In stock
Doctor_Sleep__The_Shhining__2_,Two stars,£40.12,In stock
Psycho__Sanitarium__ycho__1_5_,Five stars,£36.97,In stock
Can_You_Keep_a_Secrelaunch__4_,One stars,£48.64,In stock
Red_Dragon__HannibalLecter__1_,Three stars,£23.37,In stock
Dracula_the_Un_Deadhe_Un_Dead,Five stars,£35.63,In stock
Night_Shift__Night_Sift__1_20_,Four stars,£12.75,In stock
Needful_Thingsful_Things,Four stars,£47.51,In stock
MiseryMisery,Two stars,£34.79,In stock
ItIt,Three stars,£25.01,In stock
_Salem_s_Lotalem_s_Lot,Four stars,£49.56,In stock
The_StandThe_Stand,Two stars,£57.86,In stock
The_Girl_with_All_th_the_Gifts,Three stars,£49.47,In stock
House_of_Leaves_of_Leaves,One stars,£54.89,In stock
