Name_of_the_book,Rating,Price,Availabilty
The_Long_Haul__Diarypy_Kid__9_,One stars,£44.07,In stock
Old_School__Diary_ofy_Kid__10_,Five stars,£11.83,In stock
I_Know_What_I_m_Doinnstruction,Four stars,£25.98,In stock
Hyperbole_and_a_Halft_Happened,Five stars,£14.75,In stock
Dress_Your_Family_in_and_Denim,Three stars,£43.68,In stock
Toddlers_Are_A__holeYour_Fault,One stars,£25.55,In stock
When_You_Are_Engulfe_in_Flames,Five stars,£30.89,In stock
NakedNaked,Three stars,£31.69,In stock
Lamb__The_Gospel_Accldhood_Pal,Five stars,£55.50,In stock
Holidays_on_Iceays_on_Ice,Two stars,£51.07,In stock
