Name_of_the_book,Rating,Price,Availabilty
Rip_it_Up_and_Start_tart_Again,Five stars,£35.02,In stock
Our_Band_Could_Be_Yo_1981_1991,Three stars,£57.25,In stock
How_Music_Worksusic_Works,Two stars,£37.32,In stock
Love_Is_a_Mix_Tape___Music__1_,One stars,£18.03,In stock
Please_Kill_Me__The_ry_of_Punk,Four stars,£31.19,In stock
Kill__Em_and_Leave__rican_Soul,Five stars,£45.05,In stock
Chronicles__Vol__1es__Vol__1,Two stars,£52.60,In stock
This_Is_Your_Brain_o_Obsession,One stars,£38.40,In stock
Orchestra_of_Exiles_zi_Horrors,Three stars,£12.36,In stock
No_One_Here_Gets_Out_Out_Alive,Five stars,£20.02,In stock
LifeLife,Five stars,£31.58,In stock
Old_Records_Never_Did_His_Past,Two stars,£55.66,In stock
Forever_Rockers__Theocker__12_,Three stars,£28.80,In stock
