Name_of_the_book,Rating,Price,Availabilty
Sharp_Objectsrp_Objects,Four stars,£47.82,In stock
In_a_Dark__Dark_Wood_Dark_Wood,One stars,£19.63,In stock
The_Past_Never_EndsNever_Ends,Four stars,£56.50,In stock
A_Murder_in_Timeer_in_Time,One stars,£16.64,In stock
The_Murder_of_Roger_Poirot__4_,Four stars,£44.10,In stock
The_Last_Mile__Amos_Decker__2_,Two stars,£54.21,In stock
That_Darkness__GardiRenner__1_,One stars,£13.92,In stock
Tastes_Like_Fear__DIe_Rome__3_,One stars,£10.69,In stock
A_Time_of_Torment__Carker__14_,Five stars,£48.35,In stock
A_Study_in_Scarlet__Holmes__1_,Two stars,£16.73,In stock
Poisonous__Max_ReverNovels__3_,Three stars,£26.80,In stock
Murder_at_the_42nd_SAmbler__1_,Four stars,£54.36,In stock
Most_Wantedost_Wanted,Three stars,£35.28,In stock
Hide_Away__Eve_Duncauncan__20_,One stars,£11.84,In stock
Boar_Island__Anna_Piigeon__19_,Three stars,£59.48,In stock
The_WidowThe_Widow,Two stars,£27.26,In stock
Playing_with_Fire_with_Fire,Three stars,£13.71,In stock
What_Happened_on_Beateries__2_,Five stars,£25.37,In stock
The_Bachelor_Girl_s_teries__1_,Five stars,£52.30,In stock
Delivering_the_Truthystery__1_,Four stars,£20.89,In stock
The_Mysterious_AffaiPoirot__1_,Four stars,£24.80,In stock
In_the_Woods__Dublin_Squad__1_,Two stars,£38.38,In stock
The_Silkworm__CormorStrike__2_,Five stars,£23.05,In stock
The_ExiledThe_Exiled,Three stars,£43.45,In stock
The_Cuckoo_s_CallingStrike__1_,One stars,£19.21,In stock
Extreme_Prey__Lucas_nport__26_,Three stars,£25.40,In stock
Career_of_Evil__CormStrike__3_,Two stars,£24.72,In stock
The_No__1_Ladies__DeAgency__1_,Four stars,£57.70,In stock
The_Girl_You_Lostl_You_Lost,Five stars,£12.29,In stock
The_Girl_In_The_Ice_Foster__1_,Three stars,£15.85,In stock
Blood_Defense__Samaninkman__1_,Three stars,£20.30,In stock
1st_to_Die__Women_s_r_Club__1_,One stars,£53.98,In stock
