Name_of_the_book,Rating,Price,Availabilty
Worlds_Elsewhere__Joâ__s_Globe,Five stars,£40.30,In stock
The_Five_Love_Langua_Your_Mate,Three stars,£31.05,In stock
Reasons_to_Stay_AlivStay_Alive,Two stars,£26.41,In stock
_HigherSelfie__Wake_our_Tribe_,Five stars,£23.11,In stock
Unseen_City__The_MajWilderness,Four stars,£44.18,In stock
Throwing_Rocks_at_thProsperity,Three stars,£31.12,In stock
The_Life_Changing_MaOrganizing,Three stars,£16.77,In stock
The_Gutsy_Girl__Esca_Adventure,One stars,£37.13,In stock
The_Electric_Pencil_ital_No__3,One stars,£56.06,In stock
Spark_Joy__An_IllustTidying_Up,Four stars,£41.83,In stock
Reskilling_America__st_Century,Two stars,£19.83,In stock
In_the_Country_We_Loly_Divided,Four stars,£22.00,In stock
Everydata__The_Misin_Every_Day,Two stars,£54.35,In stock
Call_the_Nurse__Truettish_Isle,Five stars,£29.14,In stock
Algorithms_to_Live_B_Decisions,One stars,£30.81,In stock
The_Power_of_Now__A_ightenment,Two stars,£43.54,In stock
The_Omnivore_s_DilemFour_Meals,Two stars,£38.21,In stock
The_Genius_of_Birdss_of_Birds,One stars,£17.24,In stock
The_Artist_s_Way__A_Creativity,Five stars,£38.49,In stock
So_You_ve_Been_Publicly_Shamed,Two stars,£12.23,In stock
Daring_Greatly__How___and_Lead,Three stars,£19.43,In stock
Big_Magic__Creative_eyond_Fear,Three stars,£30.80,In stock
Becoming_Wise__An_In_of_Living,Two stars,£27.43,In stock
Agnostic__A_Spirited_Manifesto,Five stars,£12.51,In stock
Whole_Lotta_CreativiCreativity,Four stars,£38.20,In stock
What_s_It_Like_in_SpBeen_There,Two stars,£19.60,In stock
The_Year_of_Magical_l_Thinking,Two stars,£43.04,In stock
The_Literature_Book_Explained_,Three stars,£17.43,In stock
The_Bad_Ass_Librariaanuscripts,One stars,£15.77,In stock
Swell__A_Year_of_Wavr_of_Waves,One stars,£45.58,In stock
No_Dream_Is_Too_Highn_the_Moon,Two stars,£21.95,In stock
Looking_for_Lovely__hat_Matter,Five stars,£29.14,In stock
Let_It_Out__A_JourneJournaling,Five stars,£26.79,In stock
Hamilton__The_RevoluRevolution,Three stars,£58.79,In stock
Far___Away__Places_oFive_Years,Four stars,£15.06,In stock
Eaternity__More_thanoyful_Life,Five stars,£51.75,In stock
Buying_In__The_SecreWho_We_Are,Four stars,£37.80,In stock
Brain_on_Fire__My_Moof_Madness,Five stars,£49.32,In stock
Abstract_Citytract_City,Five stars,£56.37,In stock
13_Hours__The_Insiden_Benghazi,One stars,£27.06,In stock
The_Lonely_City__Adveing_Alone,Two stars,£33.26,In stock
The_Diary_of_a_YoungYoung_Girl,Three stars,£59.90,In stock
Snatched__How_A_Drug_Guerillas,Three stars,£21.21,In stock
Furiously_Happy__A_Fble_Things,Four stars,£41.46,In stock
The_Sleep_Revolution_at_a_Time,Four stars,£11.68,In stock
Mother__Can_You_Not_n_You_Not_,Five stars,£16.89,In stock
A_Mother_s_Reckoningof_Tragedy,Three stars,£19.53,In stock
10__Happier__How_I_Tally_Works,Two stars,£24.57,In stock
Chernobyl_01_23_40__r_Disaster,Two stars,£35.92,In stock
Zero_to_One__Notes_othe_Future,Three stars,£34.06,In stock
Why_Not_Me_hy_Not_Me_,One stars,£17.76,In stock
When_Breath_Becomes_ecomes_Air,Two stars,£39.36,In stock
The_Midnight_Assassiial_Killer,Four stars,£28.45,In stock
Smarter_Faster_Betted_Business,Five stars,£38.89,In stock
Rising_Stronging_Strong,Three stars,£21.82,In stock
Man_s_Search_for_Meaor_Meaning,Three stars,£29.48,In stock
Love_That_Boy__What_pectations,Two stars,£25.06,In stock
Living_Forward__A_Pre_You_Want,Three stars,£12.55,In stock
I_Will_Find_Youl_Find_You,One stars,£44.21,In stock
Brazen__The_Courage_een_Hiding,Two stars,£19.22,In stock
Between_the_World_anrld_and_Me,Four stars,£56.91,In stock
Being_Mortal__Mediciin_the_End,Four stars,£55.06,In stock
A_Murder_Over_a_Girlunior_High,Three stars,£13.20,In stock
For_the_Love__Fighti_Standards,Three stars,£45.13,In stock
Finding_God_in_the_Rdeems_Pain,Two stars,£46.64,In stock
The_Man_Who_Mistook_ical_Tales,Four stars,£59.45,In stock
In_Cold_BloodCold_Blood,Four stars,£49.98,In stock
Girl__Interruptednterrupted,Three stars,£42.14,In stock
Why_Save_the_Bankerscal_Crisis,Two stars,£48.67,In stock
Talking_to_Girls_Aboer_Haircut,Four stars,£25.15,In stock
My_Mother_Was_Nutsr_Was_Nuts,Four stars,£31.63,In stock
Data__A_Love_Story__t_My_Match,Three stars,£32.35,In stock
The_Jazz_of_Physics_e_Universe,Three stars,£38.71,In stock
The_Gunning_of_Ameriun_Culture,Four stars,£16.81,In stock
The_Geography_of_Bli_the_World,Two stars,£28.23,In stock
God_Is_Not_Great__HoEverything,One stars,£27.80,In stock
We_the_People__The_Mof_America,Three stars,£31.95,In stock
Very_Good_Lives__Themagination,Three stars,£50.66,In stock
Unstuffed__Declutter__and_Soul,One stars,£58.09,In stock
Under_the_Banner_of_lent_Faith,One stars,£30.00,In stock
Trespassing_Across_A_Heartland,One stars,£53.51,In stock
The_Name_of_God_is_Md_is_Mercy,Two stars,£37.25,In stock
Stiff__The_Curious_Ln_Cadavers,Three stars,£36.74,In stock
Spilled_Milk__Based_True_Story,One stars,£49.51,In stock
Rise_of_the_Rocket_Gon_to_Mars,Four stars,£41.67,In stock
Outliers__The_Story_of_Success,One stars,£14.16,In stock
Notes_from_a_Small_IIsland__1_,One stars,£40.17,In stock
Night__The_Night_Tririlogy__1_,One stars,£13.51,In stock
Miracles_from_Heavenof_Healing,One stars,£57.83,In stock
Letter_to_a_Christiaian_Nation,One stars,£22.20,In stock
Let_s_Pretend_This_Nrue_Memoir,One stars,£45.11,In stock
It_s_Never_Too_Late_and_Beyond,One stars,£42.38,In stock
Into_the_Wildo_the_Wild,Five stars,£56.70,In stock
In_the_Garden_of_Bear_s_Berlin,Three stars,£28.85,In stock
I_Am_Malala__The_Girhe_Taliban,Two stars,£28.88,In stock
GratitudeGratitude,Five stars,£26.66,In stock
Disrupted__My_Misadv_Up_Bubble,Five stars,£15.28,In stock
Brave_Enoughave_Enough,Five stars,£51.32,In stock
Born_to_Run__A_HiddeNever_Seen,Two stars,£27.35,In stock
Blink__The_Power_of_t_Thinking,Five stars,£21.74,In stock
Black_Flags__The_Risse_of_ISIS,One stars,£40.87,In stock
Are_We_Smart_Enough_imals_Are_,One stars,£56.58,In stock
A_Walk_in_the_Woods_hian_Trail,Four stars,£30.48,In stock
The_Suffragettes__Lisics___96_,Two stars,£11.89,In stock
Kindle_Paperwhite_User_s_Guide,Three stars,£34.00,In stock
H_is_for_Hawks_for_Hawk,Five stars,£57.42,In stock
Travels_with_Charleyof_America,Five stars,£57.82,In stock
The_TumorThe_Tumor,Five stars,£41.56,In stock
The_End_of_the_Jesusgation__1_,One stars,£14.40,In stock
Eat__Pray__LovePray__Love,Three stars,£51.32,In stock
