Name_of_the_book,Rating,Price,Availabilty
Sophie_s_Worldie_s_World,Five stars,£15.94,In stock
The_Death_of_Humanite_for_Life,Four stars,£58.11,In stock
The_Strangere_Stranger,Four stars,£17.44,In stock
Proofs_of_God__Classn_to_Barth,One stars,£54.21,In stock
Kierkegaard__A_ChrisChristians,One stars,£47.13,In stock
At_The_Existentialisand_others,Five stars,£29.93,In stock
Critique_of_Pure_Reaure_Reason,One stars,£20.75,In stock
Run__Spot__Run__The_eping_Pets,One stars,£20.02,In stock
The_Nicomachean_Ethiean_Ethics,One stars,£36.34,In stock
Meditationseditations,Two stars,£25.89,In stock
Beyond_Good_and_Evild_and_Evil,One stars,£43.38,In stock
