Name_of_the_book,Rating,Price,Availabilty
A_Light_in_the_Attic_the_Attic,Three stars,£51.77,In stock
The_Black_Marialack_Maria,One stars,£52.15,In stock
Shakespeare_s_Sonnet_s_Sonnets,Four stars,£20.66,In stock
OlioOlio,One stars,£23.88,In stock
You_can_t_bury_them_all__Poems,Two stars,£33.63,In stock
Slow_States_of_Collapse__Poems,Three stars,£57.31,In stock
Untitled_Collection_Poems_2014,Four stars,£14.27,In stock
Poems_That_Make_Grow_Women_Cry,Four stars,£14.19,In stock
Night_Sky_with_Exit_xit_Wounds,One stars,£41.05,In stock
salt_salt_,Four stars,£46.78,In stock
Quarter_Life_Poetry_and_Hangry,Five stars,£50.89,In stock
Out_of_Print__City_Lght_No__14,Five stars,£53.64,In stock
Les_Fleurs_du_Malurs_du_Mal,Five stars,£29.04,In stock
Howl_and_Other_Poemsther_Poems,Two stars,£40.45,In stock
Leave_This_Song_Behit_Its_Best,Five stars,£51.17,In stock
The_Collected_Poems__Yeats__1_,Five stars,£15.42,In stock
The_Crossover_Crossover,Four stars,£38.77,In stock
BookedBooked,Five stars,£17.49,In stock
Twenty_Love_Poems_anof_Despair,Four stars,£30.95,In stock
