Name_of_the_book,Rating,Price,Availabilty
Chase_Me__Paris_NighNights__2_,Five stars,£25.27,In stock
Black_DustBlack_Dust,Five stars,£34.53,In stock
Her_Backup_BoyfriendFamily__1_,One stars,£33.97,In stock
First_and_First__Fivroughs__3_,Four stars,£15.97,In stock
Fifty_Shades_Darker_Shades__2_,One stars,£21.96,In stock
The_Wedding_Dressding_Dress,One stars,£24.12,In stock
Suddenly_in_Love__La_Haven__1_,Two stars,£55.99,In stock
Something_More_Than__Than_This,Four stars,£16.24,In stock
Doing_It_Over__Most_ely_To__1_,Three stars,£35.61,In stock
The_Wedding_Pact__Thalleys__2_,Three stars,£32.61,In stock
Hold_Your_Breath__SeRescue__1_,One stars,£28.82,In stock
Dirty__Dive_Bar__1_ve_Bar__1_,Four stars,£40.83,In stock
Take_Me_Home_Tonightomance__3_,Three stars,£53.98,In stock
Off_the_Hook__Fishinrouble__1_,Three stars,£47.67,In stock
A_Gentleman_s_Posititlemen__3_,Five stars,£14.75,In stock
Sit__Stay__LoveStay__Love,Three stars,£20.90,In stock
A_Girl_s_Guide_to_Monnings__2_,One stars,£31.30,In stock
The_Perfect_Play__Ply_Play__1_,Three stars,£59.99,In stock
Dark_Lover__Black_Daerhood__1_,One stars,£12.87,In stock
Changing_the_Game__Py_Play__2_,Three stars,£13.38,In stock
A_Walk_to_Remembero_Remember,One stars,£56.43,In stock
The_Purest_Hook__Secattoos__3_,One stars,£12.25,In stock
The_Obsession_Obsession,One stars,£45.43,In stock
Reservations_for_Twons_for_Two,Three stars,£11.10,In stock
Best_of_My_Love__Foo_Gold__20_,Two stars,£27.41,In stock
Where_Lightning_Stri_Stars__3_,Three stars,£39.77,In stock
This_One_Moment__PusLimits__1_,One stars,£48.71,In stock
Rhythm__Chord___Maly__Malykhin,Two stars,£28.34,In stock
My_Perfect_Mistake__he_Top__1_,Two stars,£38.92,In stock
Listen_to_Me__FusionFusion__1_,Three stars,£58.99,In stock
Imperfect_Harmonyct_Harmony,Four stars,£34.74,In stock
Fighting_Fate__Fightghting__6_,Three stars,£39.24,In stock
Deep_Under__Walker_Scurity__1_,Five stars,£47.09,In stock
Charity_s_Cross__ChaBelles__4_,One stars,£41.24,In stock
Bounty__Colorado_Mouuntain__7_,Four stars,£37.26,In stock
