Name_of_the_book,Rating,Price,Availabilty
Mesaerion__The_Best__1800_1849,One stars,£37.59,In stock
JoinJoin,Five stars,£35.67,In stock
William_Shakespeare_r_Wars__4_,Four stars,£43.30,In stock
The_Projecthe_Project,One stars,£10.65,In stock
Soft_ApocalypseApocalypse,Two stars,£26.12,In stock
Sleeping_Giants__The_Files__1_,One stars,£48.74,In stock
ArenaArena,Four stars,£21.36,In stock
Foundation__FoundatiOrder___1_,One stars,£32.42,In stock
The_Restaurant_at_thGalaxy__2_,One stars,£10.92,In stock
Ready_Player_OnePlayer_One,Four stars,£19.07,In stock
Life__the_Universe_aGalaxy__3_,Two stars,£33.26,In stock
Dune__Dune__1___Dune__1_,One stars,£54.86,In stock
Do_Androids_Dream_ofRunner__1_,One stars,£51.48,In stock
Three_Wishes__River_fornia__1_,Two stars,£44.18,In stock
The_Last_Girl__The_Drilogy__1_,Two stars,£36.26,In stock
Having_the_Barbarianians__7_5_,Four stars,£34.96,In stock
