Name_of_the_book,Rating,Price,Availabilty
The_Most_Perfect_ThiBird_s_Egg,Four stars,£42.96,In stock
Immunity__How_Elie_Mn_Medicine,Five stars,£57.36,In stock
Sorting_the_Beef_fro_Forensics,Four stars,£44.74,In stock
Tipping_Point_for_Pl_the_Edge_,One stars,£37.55,In stock
The_Fabric_of_the_Coof_Reality,One stars,£55.91,In stock
Diary_of_a_Citizen_S_the_World,One stars,£28.41,In stock
The_Origin_of_Specieof_Species,Four stars,£10.01,In stock
The_Grand_Designand_Design,Three stars,£13.76,In stock
Peak__Secrets_from_t_Expertise,Two stars,£16.28,In stock
The_Elegant_Universeate_Theory,Four stars,£13.03,In stock
The_Disappearing_Spoe_Elements,Five stars,£57.35,In stock
Surely_You_re_Joking_Character,Two stars,£25.83,In stock
Seven_Brief_Lessons_on_Physics,Four stars,£30.60,In stock
The_Selfish_Genelfish_Gene,One stars,£29.45,In stock
