Name_of_the_book,Rating,Price,Availabilty
Scott_Pilgrim_s_Precilgrim__1_,Five stars,£52.29,In stock
Tsubasa__WoRLD_CHRoNoNiCLE__2_,One stars,£16.28,In stock
This_One_SummerOne_Summer,Four stars,£19.49,In stock
The_Nameless_City__Ts_City__1_,Four stars,£38.16,In stock
Saga__Volume_5__Sagations___5_,Two stars,£51.04,In stock
Rat_Queens__Vol__3__s___11_15_,Three stars,£50.40,In stock
Princess_Jellyfish_2mnibus__1_,Five stars,£13.61,In stock
Pop_Gun_War__Volume_me_1__Gift,One stars,£18.97,In stock
PatiencePatience,Three stars,£10.16,In stock
Outcast__Vol__1__A_Dutcast__1_,Four stars,£15.44,In stock
orange__The_Completeection__1_,One stars,£48.41,In stock
Lumberjanes__Vol__2_anes__5_8_,Two stars,£46.91,In stock
Lumberjanes__Vol__1_anes__1_4_,Three stars,£45.61,In stock
Lumberjanes_Vol__3__nes__9_12_,Two stars,£19.92,In stock
I_Hate_Fairyland__Voons___1_5_,Two stars,£29.17,In stock
I_am_a_Hero_Omnibus_s_Volume_1,Three stars,£54.63,In stock
Giant_Days__Vol__2__Days__5_8_,Two stars,£22.11,In stock
Danganronpa_Volume_1a_Volume_1,Four stars,£51.99,In stock
Codename_Baboushka__e_of_Death,Four stars,£36.72,In stock
Camp_Midnightp_Midnight,Four stars,£17.08,In stock
Bitch_Planet__Vol__1Editions__,Two stars,£37.92,In stock
The_Shadow_Hero__Theadow_Hero_,One stars,£33.14,In stock
Fables__Vol__1__LegeFables__1_,Four stars,£41.62,In stock
Batman__The_Long_Haln__Batman_,Two stars,£36.50,In stock
Batman__The_Dark_Knis__Batman_,Five stars,£15.38,In stock
Wonder_Woman__Earth_th_One__1_,Four stars,£37.34,In stock
We_Are_Robin__Vol__1_Robin__1_,One stars,£53.90,In stock
Through_the_Woods_the_Woods,Two stars,£25.38,In stock
Superman_Vol__1__Befn_Yang__1_,Five stars,£11.89,In stock
So_Cute_It_Hurts____urts____6_,Four stars,£35.43,In stock
Robin_WarRobin_War,Three stars,£47.82,In stock
Red_Hood_Arsenal__Vorsenal__1_,Two stars,£25.48,In stock
Naruto__3_in_1_Editinibus__14_,Two stars,£38.39,In stock
Lowriders_to_the_Cen_Space__2_,Two stars,£51.51,In stock
El_DeafoEl_Deafo,Five stars,£57.62,In stock
Batman__Europaan__Europa,Two stars,£32.01,In stock
Art_Ops_Vol__1Ops_Vol__1,Three stars,£48.80,In stock
Adulthood_Is_a_Myth_Collection,Two stars,£10.90,In stock
Fruits_Basket__Vol__Basket__9_,Four stars,£33.95,In stock
Roller_Girloller_Girl,Five stars,£14.10,In stock
Fruits_Basket__Vol__Basket__7_,One stars,£19.57,In stock
Fruits_Basket__Vol__Basket__6_,Four stars,£20.96,In stock
Death_Note__Vol__6__h_Note__6_,Three stars,£36.39,In stock
Fruits_Basket__Vol__Basket__5_,One stars,£16.33,In stock
Death_Note__Vol__5__h_Note__5_,One stars,£52.41,In stock
The_Demon_Prince_of__House__4_,Two stars,£27.88,In stock
Fruits_Basket__Vol__Basket__4_,Four stars,£50.44,In stock
The_Wicked___The_Divhe_Divine_,Three stars,£14.41,In stock
The_Sandman__Vol__3_lumes___3_,Five stars,£55.55,In stock
Saga__Volume_3__Sagations___3_,Five stars,£21.57,In stock
Prodigy__The_Graphic_Novel__2_,Three stars,£43.63,In stock
Persepolis__The_Storolis__1_2_,One stars,£39.13,In stock
Original_Fakeginal_Fake,Three stars,£31.45,In stock
Grayson__Vol_3__Nemerayson__3_,One stars,£42.72,In stock
Fruits_Basket__Vol__Basket__3_,Two stars,£45.17,In stock
Black_Butler__Vol__1Butler__1_,One stars,£49.31,In stock
AwkwardAwkward,Two stars,£38.02,In stock
The_Sandman__Vol__2_lumes___2_,One stars,£54.81,In stock
Saga__Volume_2__Sagations___2_,Three stars,£11.75,In stock
Fruits_Basket__Vol__Basket__2_,Five stars,£11.64,In stock
Y__The_Last_Man__Volst_Man__1_,Four stars,£18.51,In stock
The_Wicked___The_Divhe_Divine_,Two stars,£36.52,In stock
The_Sandman__Vol__1_lumes___1_,Three stars,£54.12,In stock
The_Complete_Maus__MMaus__1_2_,Three stars,£10.64,In stock
Skip_Beat___Vol__01__Beat___1_,Three stars,£42.12,In stock
Saga__Volume_1__Sagations___1_,One stars,£28.48,In stock
Rat_Queens__Vol__1__ons___1_5_,Five stars,£46.96,In stock
Paper_Girls__Vol__1_irls__1_5_,Four stars,£21.71,In stock
Ouran_High_School_Hot_Club__1_,Three stars,£29.87,In stock
Ms__Marvel__Vol__1___2015___1_,Four stars,£39.39,In stock
Hawkeye__Vol__1__My_awkeye__1_,Three stars,£45.24,In stock
Giant_Days__Vol__1__Days__1_4_,Four stars,£56.76,In stock
Fruits_Basket__Vol__Basket__1_,Five stars,£40.28,In stock
Bleach__Vol__1__StraBleach__1_,Five stars,£34.65,In stock
Ajin__Demi_Human__Vo_Human__1_,Four stars,£57.06,In stock
