Name_of_the_book,Rating,Price,Availabilty
It_s_Only_the_Himala_Himalayas,Two stars,£45.17,In stock
Full_Moon_over_Noahâand_Beyond,Four stars,£49.43,In stock
See_America__A_Celebured_Sites,Three stars,£48.87,In stock
Vagabonding__An_Uncorld_Travel,Two stars,£36.94,In stock
Under_the_Tuscan_SunTuscan_Sun,Three stars,£37.33,In stock
A_Summer_In_Europe_In_Europe,Two stars,£44.34,In stock
The_Great_Railway_Baway_Bazaar,One stars,£30.54,In stock
A_Year_in_Provence__ovence__1_,Four stars,£56.88,In stock
The_Road_to_Little_DIsland__2_,One stars,£23.21,In stock
Neither_Here_nor_The_in_Europe,Three stars,£38.95,In stock
1_000_Places_to_See_re_You_Die,Five stars,£26.08,In stock
