Name_of_the_book,Rating,Price,Availabilty
I_Had_a_Nice_Time_An_like_that,Four stars,£57.36,In stock
Will_You_Won_t_You_Wu_Want_Me_,Three stars,£13.86,In stock
Keep_Me_Posted_Me_Posted,Four stars,£20.46,In stock
Grey__Fifty_Shades__Shades__4_,Four stars,£48.49,In stock
MeternityMeternity,Three stars,£43.58,In stock
Some_WomenSome_Women,Five stars,£13.73,In stock
Shopaholic_Ties_the_aholic__3_,Five stars,£48.39,In stock
Can_You_Keep_a_Secre_a_Secret_,One stars,£21.94,In stock
Twenties_Girlnties_Girl,Two stars,£42.80,In stock
The_Undomestic_Goddeic_Goddess,Four stars,£45.75,In stock
The_Nanny_Diaries__N_Nanny__1_,Five stars,£52.53,In stock
The_Devil_Wears_Prad_Prada__1_,One stars,£44.29,In stock
Something_Borrowed__Rachel__1_,Five stars,£48.96,In stock
Something_Blue__DarcRachel__2_,One stars,£54.62,In stock
I_ve_Got_Your_Numberour_Number,One stars,£19.69,In stock
The_Edge_of_Reason___Jones__2_,Four stars,£19.18,In stock
Bridget_Jones_s_Diar_Jones__1_,One stars,£29.82,In stock
