Name_of_the_book,Rating,Price,Availabilty
The_Requiem_Redequiem_Red,One stars,£22.65,In stock
Set_Me_Freeet_Me_Free,Five stars,£17.46,In stock
The_Natural_History_ending__2_,Three stars,£45.22,In stock
Obsidian__Lux__1_n__Lux__1_,Two stars,£14.86,In stock
BurningBurning,Three stars,£28.81,In stock
A_Fierce_and_Subtle_tle_Poison,Four stars,£28.13,In stock
Scarlett_Epstein_Hates_It_Here,Five stars,£43.55,In stock
Nightingale__Singgale__Sing,One stars,£38.28,In stock
Library_of_Souls__Miildren__3_,Five stars,£48.56,In stock
Frostbite__Vampire_Academy__2_,Five stars,£29.99,In stock
Wild_SwansWild_Swans,Two stars,£14.36,In stock
Until_Friday_Night___Party__1_,Two stars,£46.31,In stock
This_Is_Where_It_Endre_It_Ends,Two stars,£27.12,In stock
The_Darkest_Liearkest_Lie,Five stars,£35.35,In stock
My_Kind_of_Crazyd_of_Crazy,One stars,£40.36,In stock
Don_t_Get_CaughtGet_Caught,One stars,£55.35,In stock
Catching_Jordan__Hundred_Oaks_,Three stars,£50.83,In stock
Aristotle_and_Dante_iverse__1_,Four stars,£58.14,In stock
The_Epidemic__The_Program_0_6_,Five stars,£14.44,In stock
Stars_Above__The_Luncles__4_5_,Two stars,£48.05,In stock
No_Love_Allowed__Dode_Cove__1_,Four stars,£54.65,In stock
Exit__Pursued_by_a_B_by_a_Bear,Four stars,£51.34,In stock
The_Alien_ClubAlien_Club,One stars,£54.40,In stock
Don_t_Forget_Stevenget_Steven,One stars,£33.23,In stock
South_of_Sunshinef_Sunshine,One stars,£28.93,In stock
My_Life_Next_Door__Mext_Door__,Five stars,£36.39,In stock
Future_Shock__Future_Shock__1_,Five stars,£55.65,In stock
Nightstruck__A_Novelk__A_Novel,Four stars,£50.35,In stock
Tell_the_Wolves_I_m_s_I_m_Home,Two stars,£50.96,In stock
Will_Grayson__Will_Gl_Grayson_,Four stars,£47.31,In stock
Where_She_Went__If_II_Stay__2_,Four stars,£41.73,In stock
Two_Summerswo_Summers,One stars,£14.64,In stock
The_Darkest_Cornersst_Corners,Five stars,£11.33,In stock
Tell_Me_Three_Thingsree_Things,One stars,£41.81,In stock
Lola_and_the_Boy_Nexh_Kiss__2_,Four stars,£23.63,In stock
Kill_the_Boy_Bande_Boy_Band,Five stars,£15.52,In stock
Isla_and_the_Happilyh_Kiss__3_,Five stars,£48.13,In stock
An_Abundance_of_KathKatherines,Five stars,£10.00,In stock
Harry_Potter_and_thePotter__3_,Four stars,£24.17,In stock
Walk_the_Edge__Thundr_Road__2_,Three stars,£32.36,In stock
Two_Boys_Kissingys_Kissing,Two stars,£32.74,In stock
The_New_Guy__and_Othtractions_,Three stars,£44.92,In stock
The_Land_of_10_000_M0_Madonnas,Four stars,£29.64,In stock
Scarlet__The_Lunar_Cnicles__2_,Four stars,£14.57,In stock
Legend__Legend__1_Legend__1_,Four stars,£43.69,In stock
Lady_Renegades__Rebe_Belle__3_,Five stars,£53.04,In stock
Golden__Heart_of_Dre_Dread__3_,Four stars,£42.21,In stock
Cinder__The_Lunar_Chnicles__1_,One stars,£26.09,In stock
Boy_Meets_Boy_Meets_Boy,Three stars,£21.12,In stock
Annie_on_My_Mindon_My_Mind,Five stars,£36.83,In stock
New_Moon__Twilight__ilight__2_,Four stars,£12.86,In stock
Girl_Online_On_Tour_Online__2_,One stars,£53.47,In stock
The_HatersThe_Haters,Five stars,£27.89,In stock
The_Art_of_Not_Breat_Breathing,Four stars,£40.83,In stock
